Date;Ticker;Open;High;Low;Close;Adj_Close;Volume
2025-09-01;ITUB4.SA;37.46601867675781;37.932037353515625;37.36893081665039;37.65048599243164;34.825218200683594;14863209
2025-09-01;PETR4.SA;31.200000762939453;31.3700008392334;31.049999237060547;31.170000076293945;28.410743713378906;9889700
2025-09-01;VALE3.SA;55.13999938964844;55.599998474121094;54.810001373291016;55.599998474121094;51.391990661621094;7765400
2025-09-02;ITUB4.SA;37.03883361816406;37.359222412109375;36.854366302490234;37.009708404541016;34.23252487182617;24358676
2025-09-02;PETR4.SA;31.0;31.440000534057617;31.0;31.329999923706055;28.556581497192383;19812000
2025-09-02;VALE3.SA;55.11000061035156;55.560001373291016;55.040000915527344;55.38999938964844;51.19788360595703;9578500
2025-09-03;ITUB4.SA;37.009708404541016;37.17475509643555;36.53398132324219;36.6893196105957;33.93618392944336;20686108
2025-09-03;PETR4.SA;31.1200008392334;31.350000381469727;30.920000076293945;31.059999465942383;28.310482025146484;29788800
2025-09-03;VALE3.SA;55.38999938964844;55.81999969482422;55.2400016784668;55.599998474121094;51.391990661621094;11832100
2025-09-04;ITUB4.SA;36.67961120605469;37.233009338378906;36.417476654052734;36.8349494934082;34.07088088989258;15877244
2025-09-04;PETR4.SA;31.0;31.31999969482422;30.93000030517578;31.059999465942383;28.310482025146484;24816500
2025-09-04;VALE3.SA;55.849998474121094;56.15999984741211;55.54999923706055;55.709999084472656;51.4936637878418;8442100
2025-09-05;ITUB4.SA;37.20388412475586;37.6893196105957;36.98058319091797;37.24271774291992;34.44805145263672;15664343
2025-09-05;PETR4.SA;31.079999923706055;31.09000015258789;30.190000534057617;30.59000015258789;27.88208770751953;46121900
2025-09-05;VALE3.SA;56.20000076293945;56.66999816894531;56.02000045776367;56.220001220703125;51.96506881713867;14014700
2025-09-08;ITUB4.SA;37.24271774291992;37.291263580322266;36.66990280151367;37.067962646484375;34.286407470703125;11800195
2025-09-08;PETR4.SA;30.829999923706055;30.969999313354492;30.510000228881836;30.709999084472656;27.991466522216797;18164200
2025-09-08;VALE3.SA;56.22999954223633;56.619998931884766;56.22999954223633;56.36000061035156;52.0944709777832;9701900
2025-09-09;ITUB4.SA;37.25242614746094;37.25242614746094;36.69902801513672;36.74757385253906;33.99006271362305;19497179
2025-09-09;PETR4.SA;30.860000610351562;31.149999618530273;30.809999465942383;30.950000762939453;28.210222244262695;31283900
2025-09-09;VALE3.SA;56.7400016784668;57.52000045776367;56.04999923706055;56.189998626708984;51.93733596801758;24300300
2025-09-10;ITUB4.SA;36.75728225708008;37.233009338378906;36.69902801513672;36.77669906616211;34.01700973510742;14517129
2025-09-10;PETR4.SA;30.959999084472656;31.540000915527344;30.920000076293945;31.510000228881836;28.72064781188965;35949600
2025-09-10;VALE3.SA;56.470001220703125;57.04999923706055;56.279998779296875;56.58000183105469;52.297821044921875;13463700
2025-09-11;ITUB4.SA;36.94174575805664;37.61164855957031;36.844661712646484;36.844661712646484;34.07986068725586;18078972
2025-09-11;PETR4.SA;31.299999237060547;31.479999542236328;31.270000457763672;31.389999389648438;28.611268997192383;17607900
2025-09-11;VALE3.SA;56.45000076293945;57.27000045776367;56.310001373291016;57.02000045776367;52.70452117919922;14107200
2025-09-12;ITUB4.SA;36.621360778808594;36.660194396972656;36.17475509643555;36.291263580322266;33.567989349365234;22589754
2025-09-12;PETR4.SA;31.450000762939453;31.700000762939453;31.15999984741211;31.18000030517578;28.419858932495117;19318400
2025-09-12;VALE3.SA;56.70000076293945;57.43000030517578;56.70000076293945;57.0;52.68603515625;12303800
2025-09-15;ITUB4.SA;36.417476654052734;37.067962646484375;36.32038879394531;36.89320373535156;34.12476348876953;14196181
2025-09-15;PETR4.SA;31.299999237060547;31.549999237060547;31.059999465942383;31.450000762939453;28.66596031188965;21978400
2025-09-15;VALE3.SA;57.47999954223633;57.54999923706055;56.97999954223633;57.5;53.148189544677734;12457500
2025-09-16;ITUB4.SA;37.077667236328125;37.135921478271484;36.57281494140625;36.79611587524414;34.03496170043945;19993536
2025-09-16;PETR4.SA;31.600000381469727;31.68000030517578;31.34000015258789;31.530000686645508;28.73887825012207;19154700
2025-09-16;VALE3.SA;57.77000045776367;58.060001373291016;57.189998626708984;57.70000076293945;53.33305358886719;15618500
2025-09-17;ITUB4.SA;36.82524108886719;37.6893196105957;36.75728225708008;37.32038879394531;34.519893646240234;25226348
2025-09-17;PETR4.SA;31.540000915527344;31.790000915527344;31.459999084472656;31.719999313354492;28.912057876586914;29148100
2025-09-17;VALE3.SA;57.540000915527344;58.02000045776367;57.36000061035156;57.79999923706055;53.42548751831055;23116700
2025-09-18;ITUB4.SA;37.32038879394531;37.42718505859375;37.04854202270508;37.36893081665039;34.564796447753906;15433005
2025-09-18;PETR4.SA;31.770000457763672;31.81999969482422;31.190000534057617;31.40999984741211;28.629499435424805;25702900
2025-09-18;VALE3.SA;57.84000015258789;58.08000183105469;57.400001525878906;57.689998626708984;53.32381057739258;17700400
2025-09-19;ITUB4.SA;37.378639221191406;37.864078521728516;37.33009719848633;37.864078521728516;35.02278518676758;26702853
2025-09-19;PETR4.SA;31.43000030517578;31.450000762939453;30.90999984741211;31.059999465942383;28.310482025146484;48871300
2025-09-19;VALE3.SA;57.970001220703125;58.189998626708984;57.54999923706055;57.91999816894531;53.53640365600586;25374600
2025-09-22;ITUB4.SA;37.6019401550293;37.728153228759766;37.16504669189453;37.32038879394531;34.519893646240234;18325039
2025-09-22;PETR4.SA;31.0;31.469999313354492;30.84000015258789;31.3700008392334;28.593042373657227;22016100
2025-09-22;VALE3.SA;57.81999969482422;58.439998626708984;57.810001373291016;58.0;53.6103515625;21947300
2025-09-23;ITUB4.SA;37.34951400756836;38.09708786010742;37.34951400756836;37.912620544433594;35.067684173583984;16930110
2025-09-23;PETR4.SA;31.489999771118164;32.09000015258789;31.459999084472656;31.899999618530273;29.076122283935547;39895300
2025-09-23;VALE3.SA;58.0;58.38999938964844;57.65999984741211;57.66999816894531;53.30532455444336;17652400
2025-09-24;ITUB4.SA;37.92232894897461;38.0;37.582523345947266;37.660194396972656;34.834197998046875;18713452
2025-09-24;PETR4.SA;32.15999984741211;32.630001068115234;32.060001373291016;32.619998931884766;29.732385635375977;36414400
2025-09-24;VALE3.SA;57.95000076293945;58.13999938964844;57.66999816894531;57.88999938964844;53.50867462158203;13005700
2025-09-25;ITUB4.SA;37.67961120605469;37.88349533081055;37.34951400756836;37.359222412109375;34.555816650390625;15146768
2025-09-25;PETR4.SA;32.70000076293945;32.79999923706055;32.2400016784668;32.36000061035156;29.495405197143555;29556300
2025-09-25;VALE3.SA;58.189998626708984;58.54999923706055;58.040000915527344;58.209999084472656;53.8044548034668;13631100
2025-09-26;ITUB4.SA;37.417476654052734;37.728153228759766;37.36893081665039;37.5436897277832;34.726436614990234;12786935
2025-09-26;PETR4.SA;32.4900016784668;32.7400016784668;32.150001525878906;32.25;29.3951416015625;27819700
2025-09-26;VALE3.SA;57.7400016784668;57.939998626708984;56.540000915527344;57.09000015258789;52.769222259521484;29037000
2025-09-29;ITUB4.SA;37.94174575805664;38.213592529296875;37.728153228759766;37.75728225708008;34.92399978637695;19124422
2025-09-29;PETR4.SA;32.2599983215332;32.540000915527344;31.729999542236328;31.809999465942383;28.994089126586914;35720000
2025-09-29;VALE3.SA;57.5;57.75;57.130001068115234;57.279998779296875;52.94483947753906;15580200
2025-09-30;ITUB4.SA;38.25242614746094;38.34951400756836;37.59223175048828;37.932037353515625;35.08563995361328;33263438
2025-09-30;PETR4.SA;31.690000534057617;31.899999618530273;31.15999984741211;31.459999084472656;28.675073623657227;48611500
2025-09-30;VALE3.SA;57.66999816894531;57.779998779296875;57.09000015258789;57.58000183105469;53.222137451171875;18280700
2025-10-01;ITUB4.SA;38.11650466918945;38.26213455200195;37.18446731567383;37.233009338378906;34.454627990722656;25519177
2025-10-01;PETR4.SA;31.450000762939453;31.549999237060547;31.299999237060547;31.3799991607666;28.602155685424805;24817000
2025-10-01;VALE3.SA;57.7599983215332;58.66999816894531;57.7599983215332;58.310001373291016;53.896888732910156;18278300
2025-10-02;ITUB4.SA;37.300968170166016;37.57281494140625;36.786407470703125;36.82524108886719;34.07729721069336;17094601
2025-10-02;PETR4.SA;31.3799991607666;31.40999984741211;31.020000457763672;31.079999923706055;28.32871437072754;25497100
2025-10-02;VALE3.SA;58.36000061035156;58.86000061035156;58.08000183105469;58.70000076293945;54.25736999511719;14824500
2025-10-03;ITUB4.SA;36.805824279785156;37.09708786010742;36.621360778808594;37.09708786010742;34.328857421875;17766985
2025-10-03;PETR4.SA;31.15999984741211;31.329999923706055;31.0;31.0;28.25579261779785;19756800
2025-10-03;VALE3.SA;58.70000076293945;59.119998931884766;58.5;58.59000015258789;54.155696868896484;19240200
2025-10-06;ITUB4.SA;37.087379455566406;37.135921478271484;36.66990280151367;36.66990280151367;33.93354797363281;14832309
2025-10-06;PETR4.SA;31.200000762939453;31.229999542236328;30.700000762939453;30.719999313354492;28.000579833984375;21245400
2025-10-06;VALE3.SA;58.810001373291016;59.970001220703125;58.79999923706055;59.59000015258789;55.080013275146484;26102900
2025-10-07;ITUB4.SA;36.621360778808594;36.631065368652344;35.89320373535156;36.087379455566406;33.394493103027344;20705472
2025-10-07;PETR4.SA;30.719999313354492;30.860000610351562;30.350000381469727;30.829999923706055;28.10084342956543;29068800
2025-10-07;VALE3.SA;59.5;59.619998931884766;58.75;58.75;54.303585052490234;26072300
2025-10-08;ITUB4.SA;36.16504669189453;36.359222412109375;35.97087478637695;36.155338287353516;33.45737838745117;15395204
2025-10-08;PETR4.SA;31.079999923706055;31.079999923706055;30.5;30.649999618530273;27.936777114868164;17687400
2025-10-08;VALE3.SA;59.119998931884766;59.38999938964844;58.88999938964844;59.20000076293945;54.71953201293945;24609500
2025-10-09;ITUB4.SA;36.33009719848633;36.33009719848633;35.88349533081055;36.09708786010742;33.40347671508789;18067539
2025-10-09;PETR4.SA;30.65999984741211;30.84000015258789;30.190000534057617;30.209999084472656;27.535724639892578;22879700
2025-10-09;VALE3.SA;59.86000061035156;60.380001068115234;59.11000061035156;59.11000061035156;54.63634490966797;18184600
2025-10-10;ITUB4.SA;36.281551361083984;36.46601867675781;35.951454162597656;36.058250427246094;33.36753845214844;23250808
2025-10-10;PETR4.SA;30.100000381469727;30.15999984741211;29.8700008392334;29.940000534057617;27.289630889892578;50214400
2025-10-10;VALE3.SA;59.56999969482422;59.79999923706055;58.869998931884766;58.869998931884766;54.41450500488281;22970400
2025-10-13;ITUB4.SA;36.194175720214844;36.436893463134766;36.194175720214844;36.20388412475586;33.50230407714844;8194989
2025-10-13;PETR4.SA;30.149999618530273;30.270000457763672;29.969999313354492;30.229999542236328;27.553956985473633;13890500
2025-10-13;VALE3.SA;59.66999816894531;60.060001373291016;59.54999923706055;59.75;55.227901458740234;23294500
2025-10-14;ITUB4.SA;36.10679626464844;36.73786544799805;36.10679626464844;36.359222412109375;33.64604187011719;21154861
2025-10-14;PETR4.SA;29.950000762939453;30.459999084472656;29.8799991607666;30.020000457763672;27.362545013427734;28138200
2025-10-14;VALE3.SA;59.29999923706055;60.130001068115234;59.220001220703125;59.75;55.227901458740234;19329000
2025-10-15;ITUB4.SA;36.233009338378906;36.6019401550293;35.98058319091797;36.359222412109375;33.64604187011719;21972166
2025-10-15;PETR4.SA;30.049999237060547;30.170000076293945;29.670000076293945;29.75;27.11644744873047;40261000
2025-10-15;VALE3.SA;59.4900016784668;60.97999954223633;59.459999084472656;60.86000061035156;56.2538948059082;45104600
2025-10-16;ITUB4.SA;36.233009338378906;36.69902801513672;36.01941680908203;36.27184295654297;33.5651969909668;15847580
2025-10-16;PETR4.SA;29.739999771118164;29.809999465942383;29.40999984741211;29.450000762939453;26.84300422668457;28660900
2025-10-16;VALE3.SA;60.61000061035156;60.93000030517578;60.06999969482422;60.29999923706055;55.73627853393555;21358500
2025-10-17;ITUB4.SA;36.067962646484375;36.524269104003906;35.932037353515625;36.3980598449707;33.68199157714844;17469315
2025-10-17;PETR4.SA;29.5;29.950000762939453;29.309999465942383;29.729999542236328;27.098217010498047;36238600
2025-10-17;VALE3.SA;59.900001525878906;60.29999923706055;59.79999923706055;60.130001068115234;55.57914352416992;17325300
2025-10-20;ITUB4.SA;36.524269104003906;37.233009338378906;36.485435485839844;37.04854202270508;34.2839241027832;19114019
2025-10-20;PETR4.SA;29.700000762939453;29.899999618530273;29.479999542236328;29.75;27.11644744873047;31442800
2025-10-20;VALE3.SA;60.13999938964844;61.349998474121094;60.13999938964844;60.900001525878906;56.290870666503906;17798400
2025-10-21;ITUB4.SA;37.04854202270508;37.11650466918945;36.66990280151367;36.69902801513672;33.96049499511719;14013871
2025-10-21;PETR4.SA;29.959999084472656;29.989999771118164;29.469999313354492;29.510000228881836;26.897693634033203;25509900
2025-10-21;VALE3.SA;60.650001525878906;61.04999923706055;60.56999969482422;60.79999923706055;56.19843292236328;13432700
2025-10-22;ITUB4.SA;36.82524108886719;37.0;36.640777587890625;37.0;34.239013671875;13890374
2025-10-22;PETR4.SA;29.760000228881836;30.030000686645508;29.6200008392334;29.850000381469727;27.20759391784668;27088800
2025-10-22;VALE3.SA;61.209999084472656;62.2400016784668;61.18000030517578;61.880001068115234;57.19669723510742;25267300
2025-10-23;ITUB4.SA;37.135921478271484;37.22330093383789;36.77669906616211;36.97087478637695;34.21206283569336;11432588
2025-10-23;PETR4.SA;30.520000457763672;30.719999313354492;30.110000610351562;30.190000534057617;27.517498016357422;40060800
2025-10-23;VALE3.SA;62.220001220703125;62.540000915527344;61.66999816894531;61.7599983215332;57.085777282714844;11217700
2025-10-24;ITUB4.SA;37.26213455200195;37.3980598449707;36.87378692626953;36.92232894897461;34.167137145996094;10169911
2025-10-24;PETR4.SA;30.299999237060547;30.450000762939453;29.809999465942383;29.84000015258789;27.1984806060791;24370300
2025-10-24;VALE3.SA;61.9900016784668;62.130001068115234;61.33000183105469;61.72999954223633;57.058048248291016;11127600
2025-10-27;ITUB4.SA;37.20388412475586;37.485435485839844;37.077667236328125;37.233009338378906;34.454627990722656;11194349
2025-10-27;PETR4.SA;30.15999984741211;30.15999984741211;29.690000534057617;30.0;27.344314575195312;24771400
2025-10-27;VALE3.SA;62.060001373291016;62.15999984741211;61.400001525878906;61.65999984741211;56.99334716796875;12018100
2025-10-28;ITUB4.SA;37.12621307373047;37.359222412109375;37.077667236328125;37.359222412109375;34.571434020996094;10478499
2025-10-28;PETR4.SA;29.899999618530273;30.350000381469727;29.760000228881836;29.989999771118164;27.335201263427734;25324800
2025-10-28;VALE3.SA;61.65999984741211;62.540000915527344;61.58000183105469;62.20000076293945;57.49247741699219;15797400
2025-10-29;ITUB4.SA;37.42718505859375;38.359222412109375;37.42718505859375;38.194175720214844;35.34407424926758;27235466
2025-10-29;PETR4.SA;30.09000015258789;30.15999984741211;29.799999237060547;30.020000457763672;27.362545013427734;24854900
2025-10-29;VALE3.SA;62.81999969482422;63.689998626708984;62.709999084472656;63.33000183105469;58.536956787109375;30844900
2025-10-30;ITUB4.SA;38.12621307373047;38.524269104003906;37.88349533081055;38.1456298828125;35.299156188964844;18657008
2025-10-30;PETR4.SA;29.920000076293945;30.15999984741211;29.760000228881836;29.889999389648438;27.244050979614258;22657200
2025-10-30;VALE3.SA;63.11000061035156;64.0;62.93000030517578;63.810001373291016;58.980628967285156;25586000
2025-10-31;ITUB4.SA;38.291263580322266;38.47572708129883;38.17475509643555;38.291263580322266;35.43392562866211;16449821
2025-10-31;PETR4.SA;30.0;30.09000015258789;29.549999237060547;29.75;27.11644744873047;29516300
2025-10-31;VALE3.SA;64.27999877929688;65.55000305175781;63.869998931884766;65.26000213623047;60.32088851928711;38988400
2025-11-03;ITUB4.SA;38.73786544799805;38.96116638183594;38.3980598449707;38.912620544433594;36.0250358581543;17968144
2025-11-03;PETR4.SA;29.8799991607666;30.469999313354492;29.799999237060547;30.100000381469727;27.43546485900879;54977300
2025-11-03;VALE3.SA;65.0999984741211;65.38999938964844;64.6500015258789;65.3499984741211;60.404075622558594;16985400
2025-11-04;ITUB4.SA;38.88349533081055;39.0;38.65048599243164;38.79611587524414;35.917171478271484;20386481
2025-11-04;PETR4.SA;30.0;30.260000228881836;29.90999984741211;30.25;27.572185516357422;35035200
2025-11-04;VALE3.SA;64.8499984741211;65.01000213623047;64.02999877929688;64.62000274658203;59.72932815551758;22055700
2025-11-05;ITUB4.SA;38.79611587524414;38.990291595458984;38.155338287353516;38.96116638183594;36.06997299194336;36312135
2025-11-05;PETR4.SA;30.25;30.950000762939453;30.209999084472656;30.850000381469727;28.11907196044922;40375900
2025-11-05;VALE3.SA;64.62000274658203;66.16999816894531;64.5;65.7300033569336;60.75532150268555;22505400
2025-11-06;ITUB4.SA;38.92232894897461;39.6019401550293;38.844661712646484;38.96116638183594;36.06997299194336;23226500
2025-11-06;PETR4.SA;30.979999542236328;31.280000686645508;30.899999618530273;31.010000228881836;28.264909744262695;43435700
2025-11-06;VALE3.SA;65.76000213623047;66.05000305175781;65.26000213623047;65.5;60.542720794677734;15939100
2025-11-07;ITUB4.SA;38.96116638183594;39.02912521362305;38.61164855957031;39.0;36.10593032836914;12706904
2025-11-07;PETR4.SA;31.219999313354492;32.18000030517578;30.850000381469727;32.18000030517578;29.331335067749023;97315600
2025-11-07;VALE3.SA;64.8499984741211;64.86000061035156;64.0199966430664;64.77999877929688;59.87721252441406;20800300
2025-11-10;ITUB4.SA;39.17475509643555;39.339805603027344;39.04854202270508;39.26213455200195;36.34861373901367;16552409
2025-11-10;PETR4.SA;32.29999923706055;32.54999923706055;31.93000030517578;32.36000061035156;29.495405197143555;41064200
2025-11-10;VALE3.SA;65.05999755859375;65.54000091552734;64.91000366210938;65.20999908447266;60.2746696472168;12689400
2025-11-11;ITUB4.SA;39.417476654052734;40.16504669189453;39.26213455200195;40.01941680908203;37.049705505371094;37289193
2025-11-11;PETR4.SA;32.540000915527344;33.439998626708984;32.45000076293945;33.20000076293945;30.261045455932617;68221300
2025-11-11;VALE3.SA;65.20999908447266;65.66000366210938;64.76000213623047;65.04000091552734;60.11753845214844;25496500
2025-11-12;ITUB4.SA;40.01941680908203;40.1456298828125;38.96116638183594;39.10679626464844;36.204803466796875;36789128
2025-11-12;PETR4.SA;33.2599983215332;33.2599983215332;32.08000183105469;32.349998474121094;29.486286163330078;67646400
2025-11-12;VALE3.SA;65.26000213623047;65.94999694824219;65.26000213623047;65.76000213623047;60.78304672241211;26550300
2025-11-13;ITUB4.SA;39.281551361083984;39.854366302490234;39.009708404541016;39.26213455200195;36.34861373901367;33686974
2025-11-13;PETR4.SA;32.36000061035156;32.939998626708984;32.31999969482422;32.4900016784668;29.6138973236084;38517200
2025-11-13;VALE3.SA;65.76000213623047;66.44999694824219;65.30999755859375;65.66999816894531;60.69985580444336;19058500
2025-11-14;ITUB4.SA;39.24271774291992;39.49514389038086;39.03883361816406;39.417476654052734;36.492427825927734;17006742
2025-11-14;PETR4.SA;32.599998474121094;33.16999816894531;32.58000183105469;32.70000076293945;29.8053035736084;27371300
2025-11-14;VALE3.SA;64.8499984741211;65.54000091552734;64.61000061035156;65.2699966430664;60.33012771606445;16374400
2025-11-17;ITUB4.SA;39.417476654052734;39.514564514160156;39.01941680908203;39.12621307373047;36.22277069091797;43985120
2025-11-17;PETR4.SA;32.7599983215332;33.08000183105469;32.72999954223633;32.880001068115234;29.969371795654297;63708200
2025-11-17;VALE3.SA;65.5999984741211;65.7699966430664;64.91000366210938;65.22000122070312;60.28391647338867;20150800
2025-11-18;ITUB4.SA;38.786407470703125;39.17475509643555;38.73786544799805;38.932037353515625;36.04301452636719;17147337
2025-11-18;PETR4.SA;32.70000076293945;33.16999816894531;32.66999816894531;32.9900016784668;30.06963348388672;26520500
2025-11-18;VALE3.SA;64.44999694824219;65.29000091552734;64.30000305175781;65.0199966430664;60.09904861450195;22468700
2025-11-19;ITUB4.SA;38.88349533081055;39.02912521362305;38.582523345947266;38.6893196105957;35.81829833984375;25766686
2025-11-19;PETR4.SA;32.79999923706055;32.97999954223633;32.540000915527344;32.81999969482422;29.914682388305664;48719300
2025-11-19;VALE3.SA;65.0199966430664;65.26000213623047;64.69999694824219;64.94999694824219;60.03434753417969;16523800
2025-11-21;ITUB4.SA;38.6893196105957;38.864078521728516;38.3980598449707;38.805824279785156;35.9261589050293;16502454
2025-11-21;PETR4.SA;32.560001373291016;32.7400016784668;32.36000061035156;32.56999969482422;29.686811447143555;40869300
2025-11-21;VALE3.SA;64.55000305175781;65.2699966430664;64.12999725341797;65.16000366210938;60.228458404541016;20272600
2025-11-24;ITUB4.SA;38.75728225708008;39.0;38.563106536865234;38.660194396972656;35.79133987426758;29014997
2025-11-24;PETR4.SA;32.560001373291016;32.75;32.36000061035156;32.540000915527344;29.659469604492188;38665600
2025-11-24;VALE3.SA;65.01000213623047;65.5199966430664;64.77999877929688;65.08999633789062;60.16374969482422;20462800
2025-11-25;ITUB4.SA;38.8349494934082;39.04854202270508;38.57281494140625;38.74757385253906;35.87223434448242;30345963
2025-11-25;PETR4.SA;32.349998474121094;32.439998626708984;32.09000015258789;32.279998779296875;29.422483444213867;28431100
2025-11-25;VALE3.SA;65.16000366210938;65.91000366210938;65.16000366210938;65.5999984741211;60.635154724121094;18275300
2025-11-26;ITUB4.SA;38.932037353515625;39.71844482421875;38.805824279785156;39.660194396972656;36.717124938964844;22251296
2025-11-26;PETR4.SA;32.380001068115234;32.40999984741211;32.099998474121094;32.22999954223633;29.37691307067871;25042100
2025-11-26;VALE3.SA;65.98999786376953;66.88999938964844;65.91999816894531;66.58000183105469;61.540985107421875;33408500
2025-11-27;ITUB4.SA;39.47572708129883;39.6893196105957;39.3980598449707;39.524269104003906;36.59129333496094;9469408
2025-11-27;PETR4.SA;32.279998779296875;32.400001525878906;32.20000076293945;32.400001525878906;29.531864166259766;16087400
2025-11-27;VALE3.SA;66.5;66.6500015258789;66.13999938964844;66.33000183105469;61.309906005859375;9739100
2025-11-28;ITUB4.SA;40.067962646484375;40.6893196105957;40.0;40.42718505859375;37.427207946777344;45311657
2025-11-28;PETR4.SA;32.27000045776367;32.310001373291016;31.290000915527344;31.790000915527344;28.975862503051758;60420500
2025-11-28;VALE3.SA;67.69999694824219;67.80999755859375;67.04000091552734;67.4000015258789;62.29892349243164;46007200
2025-12-01;ITUB4.SA;40.49514389038086;40.53398132324219;39.951454162597656;40.09708786010742;37.13734817504883;15912985
2025-12-01;PETR4.SA;31.950000762939453;32.16999816894531;31.56999969482422;31.850000381469727;29.030550003051758;29489100
2025-12-01;VALE3.SA;67.80000305175781;68.12999725341797;67.5;67.91999816894531;62.77956771850586;15657000
2025-12-02;ITUB4.SA;40.25242614746094;40.990291595458984;40.233009338378906;40.990291595458984;37.9646110534668;21175667
2025-12-02;PETR4.SA;31.93000030517578;32.06999969482422;31.440000534057617;32.06999969482422;29.23107147216797;25574100
2025-12-02;VALE3.SA;68.0999984741211;68.72000122070312;67.76000213623047;68.4800033569336;63.29719161987305;22567200
2025-12-03;ITUB4.SA;41.067962646484375;41.22330093383789;40.69902801513672;40.990291595458984;37.9646110534668;23159653
2025-12-03;PETR4.SA;32.150001525878906;32.5;32.150001525878906;32.310001373291016;29.4498291015625;36630000
2025-12-03;VALE3.SA;68.86000061035156;71.0999984741211;68.81999969482422;70.69000244140625;65.33992767333984;42361200
2025-12-04;ITUB4.SA;41.12621307373047;42.0;41.11650466918945;42.0;38.8997917175293;23199514
2025-12-04;PETR4.SA;32.4900016784668;32.75;32.45000076293945;32.52000045776367;29.6412410736084;33009700
2025-12-04;VALE3.SA;70.69999694824219;72.38999938964844;70.69000244140625;71.91999816894531;66.47683715820312;38019900
2025-12-05;ITUB4.SA;42.04854202270508;42.135921478271484;39.951454162597656;40.058250427246094;37.101375579833984;39832160
2025-12-05;PETR4.SA;32.5;32.90999984741211;31.3700008392334;31.3700008392334;28.593042373657227;74495100
2025-12-05;VALE3.SA;71.95999908447266;72.33000183105469;69.91999816894531;70.22000122070312;64.90550231933594;40196800
2025-12-08;ITUB4.SA;40.728153228759766;40.854366302490234;40.01941680908203;40.25242614746094;37.28121566772461;40458400
2025-12-08;PETR4.SA;31.56999969482422;31.989999771118164;31.489999771118164;31.65999984741211;28.85736846923828;30271600
2025-12-08;VALE3.SA;70.41999816894531;70.86000061035156;69.48999786376953;69.73999786376953;64.46182250976562;20860900
2025-12-09;ITUB4.SA;40.16504669189453;40.291263580322266;39.5436897277832;40.16504669189453;37.200294494628906;24725047
2025-12-09;PETR4.SA;31.610000610351562;31.899999618530273;31.329999923706055;31.860000610351562;29.03966522216797;23863000
2025-12-09;VALE3.SA;69.0999984741211;70.43000030517578;68.9000015258789;69.77999877929688;64.49879455566406;23081300
2025-12-10;ITUB4.SA;38.058250427246094;38.485435485839844;37.75728225708008;38.291263580322266;37.49306106567383;25643189
2025-12-10;PETR4.SA;31.8799991607666;31.989999771118164;31.540000915527344;31.940000534057617;29.11258316040039;22123700
2025-12-10;VALE3.SA;70.25;71.3499984741211;70.25;71.05999755859375;65.68191528320312;24454800
2025-12-11;ITUB4.SA;38.25242614746094;38.6019401550293;38.077667236328125;38.26213455200195;37.46453857421875;21275268
2025-12-11;PETR4.SA;31.8799991607666;31.899999618530273;31.25;31.40999984741211;28.629499435424805;64927900
2025-12-11;VALE3.SA;70.73999786376953;72.37000274658203;70.47000122070312;72.0;66.55078125;25687700
2025-12-12;ITUB4.SA;38.5436897277832;38.89320373535156;38.20388412475586;38.6019401550293;37.79726028442383;17595593
2025-12-12;PETR4.SA;31.40999984741211;31.719999313354492;31.34000015258789;31.59000015258789;28.79356575012207;39659900
2025-12-12;VALE3.SA;67.75;68.9800033569336;67.72000122070312;68.61000061035156;66.73731231689453;36483700
2025-12-15;ITUB4.SA;39.009708404541016;39.3980598449707;38.73786544799805;39.18446731567383;38.367645263671875;17767809
2025-12-15;PETR4.SA;31.68000030517578;31.899999618530273;31.59000015258789;31.700000762939453;28.893827438354492;31898900
2025-12-15;VALE3.SA;68.6500015258789;69.38999938964844;68.5;69.02999877929688;67.1458511352539;16841700
2025-12-16;ITUB4.SA;38.990291595458984;39.03883361816406;38.17475509643555;38.17475509643555;37.37898254394531;20379168
2025-12-16;PETR4.SA;31.530000686645508;31.530000686645508;30.610000610351562;30.739999771118164;28.018808364868164;52661900
2025-12-16;VALE3.SA;69.33000183105469;70.02999877929688;69.26000213623047;69.29000091552734;67.39875793457031;21953000
2025-12-17;ITUB4.SA;37.96116638183594;38.194175720214844;37.621360778808594;37.8349494934082;37.046260833740234;31625017
2025-12-17;PETR4.SA;30.860000610351562;31.079999923706055;30.81999969482422;31.079999923706055;28.32871437072754;39337100
2025-12-17;VALE3.SA;69.63999938964844;70.7699966430664;69.44000244140625;70.16999816894531;68.25473022460938;29375000
2025-12-18;ITUB4.SA;37.6893196105957;38.11650466918945;37.6893196105957;38.02912521362305;37.23638153076172;21898830
2025-12-18;PETR4.SA;31.200000762939453;31.280000686645508;30.829999923706055;30.899999618530273;28.16464614868164;34311000
2025-12-18;VALE3.SA;70.5999984741211;71.12000274658203;70.30999755859375;70.3499984741211;68.42981719970703;18430200
2025-12-19;ITUB4.SA;38.20388412475586;38.8349494934082;38.04854202270508;38.378639221191406;37.57862091064453;35446214
2025-12-19;PETR4.SA;31.06999969482422;31.239999771118164;30.969999313354492;31.010000228881836;28.264909744262695;45807700
2025-12-19;VALE3.SA;70.5;70.93000030517578;70.37999725341797;70.8499984741211;68.91617584228516;37147100
2025-12-22;ITUB4.SA;38.32038879394531;38.563106536865234;38.1456298828125;38.4563102722168;37.65467071533203;15858704
2025-12-22;PETR4.SA;31.25;31.530000686645508;31.100000381469727;31.100000381469727;28.346942901611328;35896900
2025-12-22;VALE3.SA;71.02999877929688;73.37000274658203;70.80999755859375;72.91999816894531;70.92967224121094;27853000
2025-12-23;ITUB4.SA;38.640777587890625;39.17475509643555;38.582523345947266;39.087379455566406;38.272586822509766;10490138
2025-12-23;PETR4.SA;30.549999237060547;30.56999969482422;30.200000762939453;30.309999465942383;28.4993839263916;35703900
2025-12-23;VALE3.SA;73.2300033569336;73.52999877929688;72.58000183105469;72.9000015258789;70.91022491455078;17140900
2025-12-26;ITUB4.SA;39.02000045776367;39.220001220703125;38.709999084472656;39.099998474121094;38.28493881225586;12196300
2025-12-26;PETR4.SA;30.309999465942383;30.43000030517578;30.1200008392334;30.40999984741211;28.59341049194336;20178600
2025-12-26;VALE3.SA;72.86000061035156;73.3499984741211;72.62000274658203;73.12000274658203;71.12422180175781;16368800
2025-12-29;ITUB4.SA;39.18000030517578;39.27000045776367;38.86000061035156;38.97999954223633;38.167442321777344;10657000
2025-12-29;PETR4.SA;30.559999465942383;30.809999465942383;30.520000457763672;30.729999542236328;28.89429473876953;20588100
2025-12-29;VALE3.SA;73.19000244140625;73.73999786376953;71.69999694824219;72.12000274658203;70.1515121459961;19963700
2025-12-30;ITUB4.SA;39.22999954223633;39.66999816894531;39.150001525878906;39.22999954223633;38.4122314453125;13764900
2025-12-30;PETR4.SA;30.799999237060547;30.959999084472656;30.649999618530273;30.81999969482422;28.978919982910156;16880600
2025-12-30;VALE3.SA;72.5;72.83999633789062;71.91000366210938;71.95999908447266;69.99588012695312;17085400
2026-01-02;ITUB4.SA;39.630001068115234;39.77000045776367;39.150001525878906;39.150001525878906;38.35167694091797;18846800
2026-01-02;PETR4.SA;30.959999084472656;30.959999084472656;30.360000610351562;30.709999084472656;28.875490188598633;21625200
2026-01-02;VALE3.SA;72.33000183105469;72.55000305175781;71.6500015258789;72.37999725341797;70.40441131591797;28418900
2026-01-05;ITUB4.SA;39.2400016784668;40.13999938964844;39.060001373291016;39.720001220703125;38.91005325317383;24438700
2026-01-05;PETR4.SA;30.700000762939453;30.770000457763672;29.729999542236328;30.200000762939453;28.39595603942871;48211400
2026-01-05;VALE3.SA;72.4000015258789;73.5;72.30000305175781;73.12000274658203;71.12422180175781;24958100
2026-01-06;ITUB4.SA;40.09000015258789;40.47999954223633;39.959999084472656;39.959999084472656;39.14515686035156;21959800
2026-01-06;PETR4.SA;30.3700008392334;30.43000030517578;29.6200008392334;29.639999389648438;27.869407653808594;38095000
2026-01-06;VALE3.SA;73.44999694824219;75.98999786376953;72.87999725341797;75.87000274658203;73.79915618896484;39536600
2026-01-07;ITUB4.SA;39.900001525878906;39.97999954223633;39.189998626708984;39.31999969482422;38.5181999206543;20894500
2026-01-07;PETR4.SA;29.670000076293945;29.829999923706055;29.530000686645508;29.829999923706055;28.048057556152344;28132900
2026-01-07;VALE3.SA;76.0999984741211;77.33999633789062;75.62000274658203;76.31999969482422;74.23686981201172;41501600
2026-01-08;ITUB4.SA;39.349998474121094;40.09000015258789;39.22999954223633;39.93000030517578;39.11576843261719;17209400
2026-01-08;PETR4.SA;29.90999984741211;30.34000015258789;29.790000915527344;30.200000762939453;28.39595603942871;34125800
2026-01-08;VALE3.SA;75.80000305175781;75.80000305175781;74.19000244140625;75.58000183105469;73.51707458496094;31894900
2026-01-09;ITUB4.SA;39.93000030517578;40.290000915527344;39.77000045776367;39.849998474121094;39.03739547729492;17023600
2026-01-09;PETR4.SA;30.170000076293945;30.739999771118164;30.139999389648438;30.299999237060547;28.489980697631836;27982800
2026-01-09;VALE3.SA;74.9000015258789;75.70999908447266;74.19999694824219;74.72000122070312;72.68054962158203;24801200
2026-01-12;ITUB4.SA;39.849998474121094;39.90999984741211;39.4900016784668;39.4900016784668;38.68474197387695;10672200
2026-01-12;PETR4.SA;30.299999237060547;30.56999969482422;30.209999084472656;30.360000610351562;28.546398162841797;18947400
2026-01-12;VALE3.SA;75.0;75.47000122070312;74.51000213623047;74.73999786376953;72.69999694824219;13129800
2026-01-13;ITUB4.SA;39.470001220703125;39.56999969482422;39.16999816894531;39.16999816894531;38.37126922607422;17397400
2026-01-13;PETR4.SA;30.360000610351562;31.31999969482422;30.360000610351562;31.139999389648438;29.279802322387695;54097100
2026-01-13;VALE3.SA;74.47000122070312;76.05000305175781;74.27999877929688;75.3499984741211;73.29335021972656;24539200
2026-01-14;ITUB4.SA;39.470001220703125;39.65999984741211;39.220001220703125;39.599998474121094;38.79249572753906;21222100
2026-01-14;PETR4.SA;31.350000381469727;32.529998779296875;31.200000762939453;31.989999771118164;30.07902717590332;82309300
2026-01-14;VALE3.SA;75.83999633789062;79.08999633789062;75.63999938964844;78.91999816894531;76.76590728759766;44225300
2026-01-15;ITUB4.SA;39.79999923706055;40.220001220703125;39.65999984741211;39.939998626708984;39.12556838989258;19093500
2026-01-15;PETR4.SA;31.5;31.93000030517578;31.440000534057617;31.790000915527344;29.890975952148438;26456600
2026-01-15;VALE3.SA;78.9000015258789;79.63999938964844;78.51000213623047;78.8499984741211;76.69781494140625;35503900
2026-01-16;ITUB4.SA;39.970001220703125;40.09000015258789;39.459999084472656;39.61000061035156;38.80229568481445;19742500
2026-01-16;PETR4.SA;31.950000762939453;32.20000076293945;31.8799991607666;32.040000915527344;30.126041412353516;70947300
2026-01-16;VALE3.SA;78.38999938964844;78.87999725341797;77.56999969482422;78.87999725341797;76.72699737548828;45910100
2026-01-19;ITUB4.SA;39.720001220703125;39.869998931884766;39.529998779296875;39.54999923706055;38.74351501464844;7190900
2026-01-19;PETR4.SA;31.959999084472656;32.209999084472656;31.90999984741211;32.16999816894531;30.248271942138672;12852900
2026-01-19;VALE3.SA;78.5199966430664;78.6500015258789;77.87000274658203;78.56999969482422;76.42546081542969;10678500
2026-01-20;ITUB4.SA;39.349998474121094;40.09000015258789;39.06999969482422;39.91999816894531;39.10597229003906;20693900
2026-01-20;PETR4.SA;32.16999816894531;32.52000045776367;31.940000534057617;32.290000915527344;30.361106872558594;26300000
2026-01-20;VALE3.SA;77.83000183105469;80.20999908447266;77.41000366210938;80.08000183105469;77.89424896240234;31198500
2026-01-21;ITUB4.SA;40.27000045776367;41.77000045776367;40.2400016784668;41.66999816894531;40.82028579711914;39510800
2026-01-21;PETR4.SA;32.5;33.54999923706055;32.43000030517578;33.43000030517578;31.433008193969727;93270900
2026-01-21;VALE3.SA;80.98999786376953;82.80000305175781;80.5;82.5;80.2481918334961;83134600
2026-01-22;ITUB4.SA;41.959999084472656;43.56999969482422;41.900001525878906;43.08000183105469;42.201541900634766;42959700
2026-01-22;PETR4.SA;33.380001068115234;34.130001068115234;33.2599983215332;33.58000183105469;31.574047088623047;71516300
2026-01-22;VALE3.SA;82.5;84.4000015258789;82.08000183105469;82.9800033569336;80.71509552001953;62515300
2026-01-23;ITUB4.SA;43.189998626708984;43.90999984741211;43.040000915527344;43.56999969482422;42.68154525756836;41025100
2026-01-23;PETR4.SA;33.95000076293945;35.47999954223633;33.880001068115234;35.040000915527344;32.946834564208984;68642600
2026-01-23;VALE3.SA;83.75;85.73999786376953;83.69000244140625;85.0199966430664;82.69940948486328;25432600
2026-01-26;ITUB4.SA;43.5099983215332;44.34000015258789;43.279998779296875;44.150001525878906;43.24972152709961;25371700
2026-01-26;PETR4.SA;35.369998931884766;35.70000076293945;35.040000915527344;35.36000061035156;33.24771499633789;39869600
2026-01-26;VALE3.SA;85.55999755859375;86.13999938964844;82.18000030517578;83.06999969482422;80.8026351928711;35741300
2026-01-27;ITUB4.SA;44.779998779296875;46.06999969482422;44.689998626708984;45.31999969482422;44.39585876464844;40280000
2026-01-27;PETR4.SA;35.5099983215332;36.45000076293945;35.369998931884766;36.130001068115234;33.971717834472656;47268200
2026-01-27;VALE3.SA;83.58999633789062;86.12999725341797;83.3499984741211;84.9000015258789;82.58268737792969;30922500
2026-01-28;ITUB4.SA;45.63999938964844;46.41999816894531;45.630001068115234;46.34000015258789;45.39506149291992;36337500
2026-01-28;PETR4.SA;36.54999923706055;37.439998626708984;36.5;37.34000015258789;35.10943603515625;46054700
2026-01-28;VALE3.SA;85.29000091552734;87.48999786376953;85.0;86.97000122070312;84.59618377685547;28473800
2026-01-29;ITUB4.SA;46.68000030517578;47.04999923706055;45.650001525878906;46.150001525878906;45.20893478393555;36252700
2026-01-29;PETR4.SA;38.0;38.58000183105469;37.56999969482422;37.70000076293945;35.447933197021484;58722800
2026-01-29;VALE3.SA;88.0;89.5;86.80999755859375;87.41000366210938;85.02417755126953;42013200
2026-01-30;ITUB4.SA;46.09000015258789;46.380001068115234;44.97999954223633;45.5;44.57218551635742;38117000
2026-01-30;PETR4.SA;37.22999954223633;37.97999954223633;37.02000045776367;37.7599983215332;35.50434494018555;45794700
2026-01-30;VALE3.SA;85.66999816894531;87.9000015258789;84.0;84.31999969482422;82.01851654052734;41681400
2026-02-02;ITUB4.SA;45.790000915527344;46.099998474121094;45.43000030517578;45.880001068115234;44.962406158447266;28095400
2026-02-02;PETR4.SA;36.779998779296875;37.2400016784668;36.619998931884766;37.2400016784668;35.015411376953125;38505600
2026-02-02;VALE3.SA;84.41999816894531;85.8499984741211;84.04000091552734;84.81999969482422;82.50486755371094;22289400
2026-02-03;ITUB4.SA;46.29999923706055;46.97999954223633;45.88999938964844;46.13999938964844;45.21720504760742;48570600
2026-02-03;PETR4.SA;37.5099983215332;38.31999969482422;37.13999938964844;37.58000183105469;35.33510208129883;57152800
2026-02-03;VALE3.SA;86.41999816894531;89.0;86.41999816894531;88.98999786376953;86.56105041503906;37709700
2026-02-04;ITUB4.SA;45.900001525878906;45.97999954223633;44.04999923706055;44.619998931884766;43.727603912353516;48683500
2026-02-04;PETR4.SA;37.45000076293945;37.68000030517578;36.970001220703125;37.52000045776367;35.278682708740234;37955800
2026-02-04;VALE3.SA;88.51000213623047;89.58999633789062;87.55000305175781;89.43000030517578;86.98904418945312;51744400
2026-02-05;ITUB4.SA;45.2400016784668;45.880001068115234;44.7400016784668;45.52000045776367;44.60961151123047;36014400
2026-02-05;PETR4.SA;37.400001525878906;37.61000061035156;36.900001525878906;37.0;34.78974533081055;35933100
2026-02-05;VALE3.SA;87.98999786376953;88.93000030517578;86.23999786376953;86.44999694824219;84.09037780761719;57049000
2026-02-06;ITUB4.SA;45.59000015258789;46.939998626708984;45.11000061035156;46.75;45.81500244140625;38175900
2026-02-06;PETR4.SA;37.209999084472656;37.27000045776367;36.45000076293945;36.650001525878906;34.460655212402344;27681100
2026-02-06;VALE3.SA;86.41000366210938;87.55999755859375;85.19999694824219;85.62999725341797;83.29275512695312;28889600
2026-02-09;ITUB4.SA;47.0;48.400001525878906;46.7400016784668;48.310001373291016;47.343807220458984;41656900
2026-02-09;PETR4.SA;36.65999984741211;37.45000076293945;36.54999923706055;37.31999969482422;35.090633392333984;27089800
2026-02-09;VALE3.SA;86.6500015258789;87.68000030517578;84.62999725341797;87.30999755859375;84.9269027709961;26531100
2026-02-10;ITUB4.SA;48.310001373291016;49.189998626708984;48.189998626708984;48.41999816894531;47.45161056518555;43939300
2026-02-10;PETR4.SA;37.31999969482422;37.58000183105469;36.90999984741211;37.349998474121094;35.118839263916016;24585300
2026-02-10;VALE3.SA;86.72000122070312;87.73999786376953;86.25;87.05000305175781;84.67400360107422;14177200
2026-02-11;ITUB4.SA;48.79999923706055;49.66999816894531;48.599998474121094;49.369998931884766;48.38260269165039;45819200
2026-02-11;PETR4.SA;37.72999954223633;38.459999084472656;37.689998626708984;38.08000183105469;35.805233001708984;55863800
2026-02-11;VALE3.SA;88.6500015258789;90.31999969482422;88.4800033569336;90.08999633789062;87.63101959228516;28395300
2026-02-12;ITUB4.SA;49.04999923706055;49.099998474121094;47.869998931884766;48.2400016784668;47.27520751953125;42023800
2026-02-12;PETR4.SA;38.04999923706055;38.04999923706055;36.79999923706055;37.11000061035156;34.89317321777344;39856000
2026-02-12;VALE3.SA;89.8499984741211;91.62000274658203;89.08000183105469;89.2300033569336;86.79450225830078;51472200
2026-02-13;ITUB4.SA;48.06999969482422;48.06999969482422;46.599998474121094;47.77000045776367;46.81460952758789;32353500
2026-02-13;PETR4.SA;37.15999984741211;37.15999984741211;36.529998779296875;36.88999938964844;34.686317443847656;27507000
2026-02-13;VALE3.SA;87.56999969482422;88.13999938964844;86.0199966430664;87.02999877929688;84.65454864501953;28644800
2026-02-18;ITUB4.SA;48.06999969482422;48.41999816894531;47.52000045776367;47.9900016784668;47.030208587646484;23368500
2026-02-18;PETR4.SA;37.06999969482422;37.38999938964844;36.849998474121094;37.189998626708984;34.9683952331543;32276700
2026-02-18;VALE3.SA;85.0999984741211;85.1500015258789;83.55999755859375;83.91999816894531;81.62943267822266;20898700
2026-02-19;ITUB4.SA;48.099998474121094;49.16999816894531;47.93000030517578;48.54999923706055;47.57899856567383;32026400
2026-02-19;PETR4.SA;37.5;38.2400016784668;37.439998626708984;37.810001373291016;35.551361083984375;48355000
2026-02-19;VALE3.SA;83.02999877929688;84.3499984741211;82.33000183105469;83.45999908447266;81.18199157714844;28410900
2026-02-20;ITUB4.SA;48.04999923706055;49.290000915527344;48.02000045776367;49.22999954223633;48.24540328979492;31655900
2026-02-20;PETR4.SA;37.66999816894531;37.970001220703125;37.45000076293945;37.970001220703125;35.70180130004883;51949800
2026-02-20;VALE3.SA;83.80000305175781;86.80999755859375;83.41999816894531;86.80999755859375;84.4405517578125;40577200
2026-02-23;ITUB4.SA;48.79999923706055;48.88999938964844;47.290000915527344;47.45000076293945;46.500999450683594;34148200
2026-02-23;PETR4.SA;37.970001220703125;39.25;37.849998474121094;38.59000015258789;36.284767150878906;55061500
2026-02-23;VALE3.SA;86.80999755859375;88.31999969482422;86.41999816894531;87.38999938964844;85.00472259521484;21193900
2026-02-24;ITUB4.SA;47.63999938964844;48.349998474121094;47.25;48.16999816894531;47.20660400390625;38465900
2026-02-24;PETR4.SA;38.86000061035156;39.65999984741211;38.86000061035156;39.56999969482422;37.20622634887695;43263600
2026-02-24;VALE3.SA;87.4000015258789;88.70999908447266;87.4000015258789;87.7300033569336;85.33544158935547;19760700
2026-02-25;ITUB4.SA;48.34000015258789;48.5;47.06999969482422;47.790000915527344;46.83420181274414;28980200
2026-02-25;PETR4.SA;39.939998626708984;39.970001220703125;39.029998779296875;39.56999969482422;37.20622634887695;26012300
2026-02-25;VALE3.SA;89.02999877929688;90.33000183105469;88.51000213623047;89.97000122070312;87.5143051147461;28707500
2026-02-26;ITUB4.SA;47.790000915527344;48.150001525878906;47.15999984741211;47.66999816894531;46.71659851074219;26516600
2026-02-26;PETR4.SA;39.29999923706055;39.79999923706055;38.970001220703125;39.61000061035156;37.24383544921875;29919100
2026-02-26;VALE3.SA;88.94000244140625;89.37999725341797;87.04000091552734;89.20999908447266;86.7750473022461;24503100
2026-02-27;ITUB4.SA;47.599998474121094;47.619998931884766;46.279998779296875;46.779998779296875;45.84440231323242;44765800
2026-02-27;PETR4.SA;39.91999816894531;40.27000045776367;39.33000183105469;39.33000183105469;36.980560302734375;38799000
2026-02-27;VALE3.SA;89.13999938964844;89.5;88.26000213623047;88.47000122070312;86.05524444580078;17328300
2026-03-02;ITUB4.SA;45.83000183105469;46.33000183105469;45.58000183105469;45.91999816894531;45.019100189208984;47144000
2026-03-02;PETR4.SA;41.29999923706055;41.529998779296875;40.52000045776367;41.130001068115234;38.67303466796875;83817000
2026-03-02;VALE3.SA;87.91999816894531;89.16000366210938;87.29000091552734;88.16000366210938;85.75370788574219;13952600
2026-03-03;ITUB4.SA;44.220001220703125;44.869998931884766;43.439998626708984;44.380001068115234;43.50931930541992;54352300
2026-03-03;PETR4.SA;41.70000076293945;42.0;40.75;40.95000076293945;38.503787994384766;93893800
2026-03-03;VALE3.SA;85.25;85.30999755859375;82.55000305175781;84.4800033569336;82.17415618896484;36088800
2026-03-04;ITUB4.SA;45.2400016784668;45.4900016784668;44.52000045776367;45.0099983215332;44.126949310302734;27146100
2026-03-04;PETR4.SA;40.95000076293945;41.16999816894531;39.93000030517578;40.5;38.08066940307617;50915600
2026-03-04;VALE3.SA;85.38999938964844;85.62999725341797;83.58000183105469;84.08999633789062;81.79479217529297;17605800
2026-03-05;ITUB4.SA;44.79999923706055;45.0;43.33000183105469;43.5099983215332;42.6563835144043;37085400
2026-03-05;PETR4.SA;40.529998779296875;40.77000045776367;39.97999954223633;40.689998626708984;38.25931930541992;53107600
2026-03-05;VALE3.SA;84.12999725341797;84.30000305175781;80.55000305175781;81.29000091552734;79.07122039794922;37872100
2026-03-06;ITUB4.SA;43.459999084472656;43.59000015258789;42.650001525878906;42.93000030517578;42.08776092529297;26063600
2026-03-06;PETR4.SA;41.900001525878906;43.119998931884766;41.41999816894531;42.15999984741211;39.64150619506836;87228000
2026-03-06;VALE3.SA;80.9000015258789;81.19999694824219;78.4000015258789;78.86000061035156;76.7075424194336;29504600
2026-03-09;ITUB4.SA;42.52000045776367;43.279998779296875;42.349998474121094;43.15999984741211;42.3132438659668;40970400
2026-03-09;PETR4.SA;43.25;44.27000045776367;42.66999816894531;43.15999984741211;40.58177185058594;107124400
2026-03-09;VALE3.SA;77.72000122070312;80.0999984741211;76.55000305175781;79.26000213623047;77.09662628173828;30576600
2026-03-10;ITUB4.SA;43.58000183105469;44.20000076293945;42.81999969482422;43.79999923706055;42.94069290161133;50383100
2026-03-10;PETR4.SA;42.310001373291016;43.099998474121094;42.029998779296875;42.93000030517578;40.365509033203125;56706200
2026-03-10;VALE3.SA;80.16000366210938;80.98999786376953;79.66999816894531;80.55999755859375;78.36114501953125;17172800
2026-03-11;ITUB4.SA;43.27000045776367;44.439998626708984;43.20000076293945;43.88999938964844;43.028926849365234;18482600
2026-03-11;PETR4.SA;43.25;44.880001068115234;43.22999954223633;44.79999923706055;42.123802185058594;73234300
2026-03-11;VALE3.SA;79.79000091552734;80.94000244140625;78.80000305175781;79.8499984741211;77.67052459716797;20865000
2026-03-12;ITUB4.SA;43.09000015258789;43.220001220703125;42.29999923706055;42.689998626708984;41.85247039794922;27095200
2026-03-12;PETR4.SA;45.38999938964844;46.09000015258789;44.20000076293945;45.0;42.311859130859375;86124400
2026-03-12;VALE3.SA;79.7699966430664;79.7699966430664;77.66000366210938;79.23999786376953;77.0771713256836;29136500
2026-03-13;ITUB4.SA;42.83000183105469;43.349998474121094;42.33000183105469;42.400001525878906;41.56816482543945;24896600
2026-03-13;PETR4.SA;44.61000061035156;45.34000015258789;44.290000915527344;44.66999816894531;42.00156784057617;42520400
2026-03-13;VALE3.SA;79.30000305175781;80.48999786376953;78.0199966430664;78.30000305175781;76.16283416748047;14416400
2026-03-16;ITUB4.SA;43.25;43.470001220703125;42.849998474121094;43.0;42.15638732910156;17777300
2026-03-16;PETR4.SA;44.880001068115234;45.9900016784668;44.79999923706055;45.86000061035156;43.1204833984375;40474100
2026-03-16;VALE3.SA;79.38999938964844;80.19999694824219;78.80999755859375;78.83999633789062;76.6880874633789;13591400
2026-03-17;ITUB4.SA;42.900001525878906;43.380001068115234;42.27000045776367;42.709999084472656;41.87207794189453;22436600
2026-03-17;PETR4.SA;45.849998474121094;47.2599983215332;45.79999923706055;46.380001068115234;43.60941696166992;51025600
2026-03-17;VALE3.SA;79.0999984741211;79.70999908447266;78.62999725341797;78.95999908447266;76.80481719970703;14222300
2026-03-18;ITUB4.SA;42.5;43.040000915527344;42.27000045776367;42.279998779296875;41.45051193237305;23872800
2026-03-18;PETR4.SA;46.70000076293945;47.150001525878906;46.54999923706055;47.0;44.192378997802734;55074700
2026-03-18;VALE3.SA;78.6500015258789;78.66999816894531;77.05000305175781;77.12999725341797;75.02476501464844;19412200
2026-03-19;ITUB4.SA;41.70000076293945;42.599998474121094;41.369998931884766;42.58000183105469;41.744632720947266;32908000
2026-03-19;PETR4.SA;47.20000076293945;48.130001068115234;46.689998626708984;46.779998779296875;43.98552322387695;84865000
2026-03-19;VALE3.SA;74.16999816894531;76.70999908447266;74.05999755859375;76.62999725341797;74.53840637207031;27262900
2026-03-20;ITUB4.SA;42.11000061035156;42.27000045776367;41.20000076293945;41.54999923706055;41.07135772705078;37660900
2026-03-20;PETR4.SA;46.790000915527344;47.25;44.91999816894531;45.66999816894531;42.94182586669922;78125700
2026-03-20;VALE3.SA;76.20999908447266;76.69999694824219;74.70999908447266;75.55000305175781;73.4878921508789;44208900
2026-03-23;ITUB4.SA;42.540000915527344;43.13999938964844;42.060001373291016;42.779998779296875;42.28718566894531;27535500
2026-03-23;PETR4.SA;44.41999816894531;46.18000030517578;44.31999969482422;46.029998779296875;43.28032684326172;65252400
2026-03-23;VALE3.SA;76.55999755859375;78.41999816894531;75.97000122070312;77.48999786376953;75.37493896484375;23384500
2026-03-24;ITUB4.SA;42.5;42.810001373291016;41.959999084472656;42.540000915527344;42.049949645996094;18609000
2026-03-24;PETR4.SA;46.400001525878906;47.95000076293945;46.369998931884766;47.27000045776367;44.44625473022461;57455300
2026-03-24;VALE3.SA;76.9800033569336;78.41000366210938;76.55999755859375;78.0999984741211;75.9682846069336;15700300
2026-03-25;ITUB4.SA;43.150001525878906;43.5;42.849998474121094;43.099998474121094;42.60349655151367;35148900
2026-03-25;PETR4.SA;46.5;47.54999923706055;46.29999923706055;47.5;44.66250991821289;40532900
2026-03-25;VALE3.SA;79.19999694824219;80.25;79.0;79.55000305175781;77.37871551513672;18658300
2026-03-26;ITUB4.SA;42.689998626708984;42.84000015258789;41.939998626708984;41.939998626708984;41.45685958862305;18260900
2026-03-26;PETR4.SA;47.599998474121094;48.470001220703125;47.52000045776367;48.02000045776367;45.15144729614258;59986800
2026-03-26;VALE3.SA;78.12999725341797;79.58999633789062;78.01000213623047;78.91000366210938;76.75618743896484;13518900
2026-03-27;ITUB4.SA;41.810001373291016;41.810001373291016;41.18000030517578;41.45000076293945;40.97250747680664;27910700
2026-03-27;PETR4.SA;48.5;49.439998626708984;48.130001068115234;49.40999984741211;46.45841598510742;54170900
2026-03-27;VALE3.SA;78.47000122070312;79.91999816894531;78.16999816894531;79.0;76.8437271118164;11101700
2026-03-30;ITUB4.SA;42.0;42.060001373291016;41.22999954223633;41.599998474121094;41.12077713012695;18528100
2026-03-30;PETR4.SA;49.75;50.689998626708984;49.4900016784668;49.66999816894531;46.702880859375;51454300
2026-03-30;VALE3.SA;80.25;81.05999755859375;79.29000091552734;79.5;77.330078125;18776700
2026-03-31;ITUB4.SA;42.290000915527344;43.63999938964844;42.150001525878906;43.47999954223633;42.979122161865234;33419700
2026-03-31;PETR4.SA;50.06999969482422;50.54999923706055;47.650001525878906;48.66999816894531;45.76261901855469;78931700
2026-03-31;VALE3.SA;80.73999786376953;82.73999786376953;80.58999633789062;82.4800033569336;80.22874450683594;24956400
2026-04-01;ITUB4.SA;43.84000015258789;44.279998779296875;43.5;43.83000183105469;43.34321975708008;26681100
2026-04-01;PETR4.SA;47.70000076293945;48.06999969482422;46.77000045776367;47.369998931884766;44.54027557373047;66488400
2026-04-01;VALE3.SA;83.30999755859375;84.04000091552734;82.58000183105469;83.0;80.73454284667969;28514000
2026-04-02;ITUB4.SA;42.619998931884766;44.0099983215332;42.470001220703125;43.29999923706055;42.81909942626953;17811800
2026-04-02;PETR4.SA;49.29999923706055;49.459999084472656;47.95000076293945;48.150001525878906;45.273685455322266;38536900
2026-04-02;VALE3.SA;81.51000213623047;83.7699966430664;81.36000061035156;83.55000305175781;81.26953887939453;14019800
2026-04-06;ITUB4.SA;43.349998474121094;43.7400016784668;43.20000076293945;43.4900016784668;43.00699234008789;11004600
2026-04-06;PETR4.SA;47.9900016784668;49.0;47.880001068115234;48.939998626708984;46.0164909362793;27848100
2026-04-06;VALE3.SA;84.04000091552734;84.22000122070312;82.80000305175781;83.08999633789062;80.82208251953125;8680700
2026-04-07;ITUB4.SA;43.29999923706055;43.470001220703125;42.63999938964844;43.459999084472656;42.977325439453125;20302000
2026-04-07;PETR4.SA;49.09000015258789;49.560001373291016;48.400001525878906;48.5099983215332;45.612178802490234;33362800
2026-04-07;VALE3.SA;83.05000305175781;83.69999694824219;82.5999984741211;83.69000244140625;81.40571594238281;15312500
2026-04-08;ITUB4.SA;45.70000076293945;45.72999954223633;44.70000076293945;44.97999954223633;44.480438232421875;35777600
2026-04-08;PETR4.SA;44.70000076293945;46.63999938964844;44.529998779296875;46.61000061035156;43.825679779052734;87580500
2026-04-08;VALE3.SA;86.5;86.72000122070312;84.7300033569336;85.58999633789062;83.25384521484375;24942400
2026-04-09;ITUB4.SA;45.20000076293945;45.959999084472656;44.9900016784668;45.75;45.24188995361328;22162900
2026-04-09;PETR4.SA;47.540000915527344;48.54999923706055;47.029998779296875;47.900001525878906;45.03861999511719;58206500
2026-04-09;VALE3.SA;85.36000061035156;85.54000091552734;84.26000213623047;84.69000244140625;82.37841796875;17973100
2026-04-10;ITUB4.SA;45.83000183105469;46.380001068115234;45.77000045776367;46.06999969482422;45.5583381652832;29705900
2026-04-10;PETR4.SA;47.529998779296875;49.029998779296875;47.529998779296875;49.029998779296875;46.10111618041992;42860900
2026-04-10;VALE3.SA;85.0;86.38999938964844;84.58000183105469;85.58999633789062;83.25384521484375;24002400
2026-04-13;ITUB4.SA;45.7599983215332;46.040000915527344;45.2400016784668;45.83000183105469;45.321006774902344;31011600
2026-04-13;PETR4.SA;49.75;50.2400016784668;49.25;49.779998779296875;46.80630874633789;60941100
2026-04-13;VALE3.SA;85.11000061035156;87.36000061035156;84.91999816894531;87.36000061035156;84.97554016113281;24661900
2026-04-14;ITUB4.SA;46.0;46.84000015258789;45.849998474121094;46.529998779296875;46.01322937011719;23343300
2026-04-14;PETR4.SA;49.61000061035156;49.650001525878906;47.66999816894531;47.880001068115234;45.019813537597656;58646800
2026-04-14;VALE3.SA;87.5;88.54000091552734;87.18000030517578;88.30000305175781;85.88988494873047;18528400
2026-04-15;ITUB4.SA;46.369998931884766;47.40999984741211;46.369998931884766;47.040000915527344;46.51757049560547;28907200
2026-04-15;PETR4.SA;47.95000076293945;48.099998474121094;46.72999954223633;46.88999938964844;44.08895492553711;61852100
2026-04-15;VALE3.SA;88.1500015258789;89.08000183105469;87.88999938964844;88.44000244140625;86.02606201171875;24527300
2026-04-16;ITUB4.SA;47.27000045776367;47.470001220703125;46.52000045776367;46.97999954223633;46.45823287963867;22566300
2026-04-16;PETR4.SA;47.290000915527344;48.68000030517578;46.7599983215332;48.58000183105469;45.67799758911133;54484300
2026-04-16;VALE3.SA;88.88999938964844;89.38999938964844;87.0999984741211;87.44000244140625;85.05335998535156;13618900
2026-04-17;ITUB4.SA;47.5;47.900001525878906;46.75;46.79999923706055;46.28022384643555;39165500
2026-04-17;PETR4.SA;46.5;46.54999923706055;44.869998931884766;46.220001220703125;43.45897674560547;105186900
2026-04-17;VALE3.SA;88.19999694824219;89.75;87.80000305175781;89.75;87.30030822753906;30119000
2026-04-20;ITUB4.SA;46.79999923706055;47.029998779296875;46.22999954223633;46.369998931884766;45.85500717163086;19194500
2026-04-20;PETR4.SA;47.2400016784668;47.47999954223633;46.5099983215332;47.02000045776367;44.21118927001953;41904500
2026-04-20;VALE3.SA;88.80000305175781;89.44000244140625;88.02999877929688;88.7300033569336;86.30815124511719;16067700
2026-04-22;ITUB4.SA;46.2599983215332;46.2599983215332;44.97999954223633;45.029998779296875;44.52988815307617;25440000
2026-04-22;PETR4.SA;47.63999938964844;47.97999954223633;47.25;47.66999816894531;44.82235336303711;51063000
2026-04-22;VALE3.SA;87.94999694824219;88.7300033569336;87.22000122070312;87.22000122070312;84.83936309814453;13222100
2026-04-23;ITUB4.SA;44.900001525878906;45.119998931884766;44.119998931884766;44.18000030517578;43.6893310546875;20444200
2026-04-23;PETR4.SA;47.36000061035156;48.08000183105469;46.900001525878906;47.77000045776367;45.54999542236328;38666800
2026-04-23;VALE3.SA;86.63999938964844;87.16999816894531;85.70999908447266;85.97000122070312;83.62348175048828;12637500
2026-04-24;ITUB4.SA;44.459999084472656;44.52000045776367;43.88999938964844;44.369998931884766;43.87721633911133;18234600
2026-04-24;PETR4.SA;47.5;47.52000045776367;46.45000076293945;47.15999984741211;44.968345642089844;34880200
2026-04-24;VALE3.SA;85.97000122070312;86.98999786376953;85.75;85.87000274658203;83.52621459960938;11436400
2026-04-27;ITUB4.SA;44.5;44.560001373291016;43.97999954223633;43.9900016784668;43.50144577026367;13718400
2026-04-27;PETR4.SA;47.220001220703125;48.16999816894531;47.16999816894531;47.369998931884766;45.168582916259766;31543600
2026-04-27;VALE3.SA;86.1500015258789;86.30000305175781;84.88999938964844;85.5;83.16630554199219;8656600
2026-04-28;ITUB4.SA;43.68000030517578;44.61000061035156;43.20000076293945;44.099998474121094;43.61022186279297;27131800
2026-04-28;PETR4.SA;47.650001525878906;48.040000915527344;47.459999084472656;47.52000045776367;45.31161880493164;29389700
2026-04-28;VALE3.SA;84.69999694824219;85.30000305175781;84.05000305175781;84.38999938964844;82.08660888671875;13687500
2026-04-29;ITUB4.SA;43.849998474121094;44.0099983215332;42.7599983215332;42.869998931884766;42.39387512207031;18628100
2026-04-29;PETR4.SA;48.099998474121094;49.29999923706055;48.0;48.959999084472656;46.684696197509766;47685000
2026-04-29;VALE3.SA;82.80000305175781;82.91000366210938;79.25;79.44000244140625;77.27171325683594;43296200
2026-04-30;ITUB4.SA;43.31999969482422;43.560001373291016;43.130001068115234;43.189998626708984;42.71031951904297;22735500
2026-04-30;PETR4.SA;48.810001373291016;49.380001068115234;48.290000915527344;49.08000183105469;46.79911804199219;36666100
2026-04-30;VALE3.SA;81.02999877929688;81.69999694824219;80.20999908447266;81.18000030517578;78.96421813964844;17593900
2026-05-04;ITUB4.SA;43.11000061035156;43.25;42.25;42.400001525878906;41.94675827026367;25336300
2026-05-04;PETR4.SA;49.279998779296875;49.849998474121094;48.91999816894531;49.34000015258789;47.04703903198242;41319600
2026-05-04;VALE3.SA;81.18000030517578;81.36000061035156;78.6500015258789;78.66000366210938;76.51300811767578;18555600
2026-05-05;ITUB4.SA;42.5;42.70000076293945;42.119998931884766;42.459999084472656;42.0061149597168;29386700
2026-05-05;PETR4.SA;48.880001068115234;49.029998779296875;48.33000183105469;48.65999984741211;46.39863967895508;28066500
2026-05-05;VALE3.SA;79.41999816894531;79.41999816894531;77.97000122070312;78.38999938964844;76.25037384033203;16295600
2026-05-06;ITUB4.SA;43.2400016784668;43.290000915527344;41.540000915527344;41.779998779296875;41.33338165283203;38718400
2026-05-06;PETR4.SA;46.709999084472656;47.4900016784668;46.59000015258789;47.27000045776367;45.07323455810547;62009100
2026-05-06;VALE3.SA;80.3499984741211;81.63999938964844;80.0999984741211;81.2300033569336;79.01286315917969;17424200
2026-05-07;ITUB4.SA;41.790000915527344;41.869998931884766;40.52000045776367;40.790000915527344;40.35396957397461;36335300
2026-05-07;PETR4.SA;46.400001525878906;46.650001525878906;45.20000076293945;46.220001220703125;44.0720329284668;71214500
2026-05-07;VALE3.SA;81.29000091552734;81.66999816894531;79.5999984741211;80.06999969482422;77.884521484375;18912100
2026-05-08;ITUB4.SA;41.15999984741211;41.54999923706055;40.97999954223633;41.2599983215332;40.818939208984375;35920000
2026-05-08;PETR4.SA;46.38999938964844;46.54999923706055;45.66999816894531;45.66999816894531;43.54758834838867;32914200
2026-05-08;VALE3.SA;80.56999969482422;81.79000091552734;80.36000061035156;80.80000305175781;78.59459686279297;16782600
2026-05-11;ITUB4.SA;40.95000076293945;41.11000061035156;40.11000061035156;40.33000183105469;39.89888381958008;41215600
2026-05-11;PETR4.SA;46.209999084472656;46.5099983215332;45.650001525878906;46.43000030517578;44.27227020263672;50622200
2026-05-11;VALE3.SA;81.38999938964844;83.93000030517578;81.19000244140625;83.44999694824219;81.17225646972656;24868900
2026-05-12;ITUB4.SA;40.290000915527344;40.33000183105469;39.77000045776367;39.869998931884766;39.44380187988281;43381700
2026-05-12;PETR4.SA;46.25;46.25;45.400001525878906;45.68000030517578;43.557125091552734;81072700
2026-05-12;VALE3.SA;83.1500015258789;83.98999786376953;81.73999786376953;83.25;80.97772216796875;16503000
2026-05-13;ITUB4.SA;39.93000030517578;40.56999969482422;39.369998931884766;39.630001068115234;39.20636749267578;48564700
2026-05-13;PETR4.SA;45.77000045776367;45.83000183105469;44.36000061035156;44.56999969482422;42.49871063232422;57251900
2026-05-13;VALE3.SA;83.48999786376953;85.05000305175781;83.01000213623047;84.30000305175781;81.99906158447266;31641800
2026-05-14;ITUB4.SA;40.150001525878906;40.650001525878906;39.9900016784668;40.400001525878906;39.9681396484375;34925200
2026-05-14;PETR4.SA;44.459999084472656;45.369998931884766;44.380001068115234;45.0;42.90872573852539;47760000
2026-05-14;VALE3.SA;85.0;85.41000366210938;82.62999725341797;82.87000274658203;80.60809326171875;31954300
2026-05-15;ITUB4.SA;39.779998779296875;40.04999923706055;39.58000183105469;39.70000076293945;39.2756233215332;46869600
2026-05-15;PETR4.SA;45.38999938964844;45.540000915527344;44.97999954223633;45.470001220703125;43.35688400268555;59380500
2026-05-15;VALE3.SA;80.6500015258789;83.5;80.23999786376953;83.5;81.22090148925781;36318900
2026-05-18;ITUB4.SA;39.66999816894531;39.849998474121094;39.29999923706055;39.619998931884766;39.196468353271484;22993100
2026-05-18;PETR4.SA;45.099998474121094;46.459999084472656;44.470001220703125;46.439998626708984;44.28180694580078;57388200
2026-05-18;VALE3.SA;83.0;83.5999984741211;81.05999755859375;81.83000183105469;79.59648132324219;22668800
2026-05-19;ITUB4.SA;39.04999923706055;39.41999816894531;38.70000076293945;38.779998779296875;38.36545181274414;41150400
2026-05-19;PETR4.SA;45.9900016784668;46.29999923706055;45.59000015258789;46.09000015258789;43.94807434082031;40943000
2026-05-19;VALE3.SA;80.80000305175781;81.27999877929688;80.16999816894531;81.0199966430664;78.80858612060547;20334400
2026-05-20;ITUB4.SA;39.220001220703125;39.97999954223633;39.099998474121094;39.66999816894531;39.245933532714844;38261500
2026-05-20;PETR4.SA;45.77000045776367;46.40999984741211;44.540000915527344;44.599998474121094;42.52731704711914;52780200
2026-05-20;VALE3.SA;81.44999694824219;82.20999908447266;80.8499984741211;82.0;79.7618408203125;15669300
2026-05-21;ITUB4.SA;39.43000030517578;40.45000076293945;39.25;40.119998931884766;39.69112777709961;40949800
2026-05-21;PETR4.SA;45.099998474121094;45.650001525878906;44.5;44.95000076293945;42.861053466796875;57725900
2026-05-21;VALE3.SA;81.36000061035156;82.87999725341797;81.22000122070312;82.62999725341797;80.37464141845703;15156600
2026-05-22;ITUB4.SA;40.0099983215332;40.040000915527344;39.310001373291016;39.43000030517578;39.008506774902344;21539700
2026-05-22;PETR4.SA;44.7400016784668;44.75;43.869998931884766;44.47999954223633;42.41289138793945;39634300
2026-05-22;VALE3.SA;82.33000183105469;83.13999938964844;81.8499984741211;83.0999984741211;80.83181762695312;11443900
2026-05-25;ITUB4.SA;39.86000061035156;40.4900016784668;39.86000061035156;40.31999969482422;39.88899230957031;11436200
2026-05-25;PETR4.SA;43.4900016784668;43.81999969482422;42.970001220703125;43.400001525878906;41.38308334350586;26720900
2026-05-25;VALE3.SA;82.83999633789062;83.58999633789062;82.44999694824219;83.58999633789062;81.30844116210938;7059500
2026-05-26;ITUB4.SA;40.220001220703125;40.36000061035156;39.650001525878906;40.060001373291016;39.63177490234375;23046600
2026-05-26;PETR4.SA;43.36000061035156;43.79999923706055;43.15999984741211;43.439998626708984;41.42122268676758;36040500
2026-05-26;VALE3.SA;83.2300033569336;84.12000274658203;82.30000305175781;83.06999969482422;80.8026351928711;10409000
2026-05-27;ITUB4.SA;40.599998474121094;40.81999969482422;40.290000915527344;40.31999969482422;39.88899230957031;21601400
2026-05-27;PETR4.SA;42.25;43.189998626708984;42.150001525878906;42.81999969482422;40.83003616333008;53745400
2026-05-27;VALE3.SA;83.68000030517578;83.94000244140625;82.51000213623047;83.44999694824219;81.17225646972656;10613200
2026-05-28;ITUB4.SA;40.31999969482422;40.45000076293945;39.720001220703125;40.0;39.572410583496094;20196600
2026-05-28;PETR4.SA;43.099998474121094;43.18000030517578;42.25;42.5099983215332;40.53444290161133;37534800
2026-05-28;VALE3.SA;83.1500015258789;84.05000305175781;82.23999786376953;83.95999908447266;81.66834259033203;12798900
2026-05-29;ITUB4.SA;39.869998931884766;40.15999984741211;39.540000915527344;40.040000915527344;39.61198425292969;80334400
2026-05-29;PETR4.SA;42.20000076293945;42.349998474121094;41.81999969482422;42.0;40.04814529418945;73281800
2026-05-29;VALE3.SA;84.01000213623047;84.27999877929688;82.37999725341797;82.81999969482422;80.55945587158203;20839400
2026-06-01;ITUB4.SA;40.04999923706055;40.060001373291016;39.25;39.36000061035156;38.95694351196289;32832400
2026-06-01;PETR4.SA;42.400001525878906;43.02000045776367;41.959999084472656;42.369998931884766;40.40094757080078;73925300
2026-06-01;VALE3.SA;82.12999725341797;82.25;80.58000183105469;81.69999694824219;79.47002410888672;16605900
2026-06-02;ITUB4.SA;39.630001068115234;39.9900016784668;39.470001220703125;39.560001373291016;39.1548957824707;23121000
2026-06-02;PETR4.SA;41.900001525878906;41.97999954223633;41.439998626708984;41.56999969482422;40.304935455322266;27318300
2026-06-02;VALE3.SA;82.22000122070312;85.08000183105469;82.04000091552734;85.0;82.6799545288086;18457400
2026-06-03;ITUB4.SA;39.22999954223633;39.29999923706055;38.63999938964844;38.720001220703125;38.3234977722168;40844400
2026-06-03;PETR4.SA;41.650001525878906;41.869998931884766;41.25;41.25;39.99467468261719;42895100
2026-06-03;VALE3.SA;83.61000061035156;83.79000091552734;81.79000091552734;81.79000091552734;79.55757141113281;19308800
2026-06-05;ITUB4.SA;38.75;39.16999816894531;38.56999969482422;38.83000183105469;38.432369232177734;34727700
2026-06-05;PETR4.SA;41.029998779296875;41.43000030517578;40.650001525878906;40.88999938964844;39.6456298828125;34730900
2026-06-05;VALE3.SA;80.79000091552734;80.79000091552734;78.33000183105469;78.69999694824219;76.55191040039062;23008500
2026-06-08;ITUB4.SA;38.720001220703125;39.08000183105469;38.43000030517578;38.52000045776367;38.12554931640625;23153100
2026-06-08;PETR4.SA;41.20000076293945;41.31999969482422;40.83000183105469;41.220001220703125;39.96559143066406;34043600
2026-06-08;VALE3.SA;78.91999816894531;79.27999877929688;77.31999969482422;78.06999969482422;75.9391098022461;15671500
2026-06-09;ITUB4.SA;38.91999816894531;39.34000015258789;38.77000045776367;39.220001220703125;38.81837844848633;28212000
2026-06-09;PETR4.SA;40.880001068115234;41.369998931884766;40.70000076293945;41.16999816894531;39.91710662841797;56680400
2026-06-09;VALE3.SA;78.79000091552734;78.79000091552734;76.83000183105469;78.5;76.35736846923828;17523500
2026-06-10;ITUB4.SA;39.029998779296875;39.59000015258789;38.650001525878906;39.36000061035156;38.95694351196289;41470600
2026-06-10;PETR4.SA;41.209999084472656;42.040000915527344;41.0099983215332;41.650001525878906;40.382503509521484;44953200
2026-06-10;VALE3.SA;77.91999816894531;78.1500015258789;77.19999694824219;77.69999694824219;75.5792007446289;12469100
2026-06-11;ITUB4.SA;39.2400016784668;40.619998931884766;39.220001220703125;40.5;40.085269927978516;57558800
2026-06-11;PETR4.SA;41.650001525878906;42.150001525878906;41.15999984741211;41.7599983215332;40.48915481567383;52321500
2026-06-11;VALE3.SA;78.12000274658203;79.05000305175781;77.0999984741211;78.80000305175781;76.64918518066406;17725500
2026-06-12;ITUB4.SA;40.220001220703125;41.119998931884766;40.11000061035156;40.599998474121094;40.184242248535156;30651000
2026-06-12;PETR4.SA;41.060001373291016;41.529998779296875;40.81999969482422;41.18000030517578;39.92680740356445;34082200
2026-06-12;VALE3.SA;78.66000366210938;79.80000305175781;78.12999725341797;79.16999816894531;77.00907897949219;12112600
2026-06-15;ITUB4.SA;41.279998779296875;41.4900016784668;40.31999969482422;40.400001525878906;39.986297607421875;25132500
2026-06-15;PETR4.SA;39.84000015258789;39.91999816894531;39.060001373291016;39.060001373291016;37.87132263183594;54174000
2026-06-15;VALE3.SA;80.77999877929688;82.73999786376953;80.6500015258789;81.16000366210938;78.94477081298828;22329400
2026-06-16;ITUB4.SA;40.279998779296875;40.630001068115234;40.130001068115234;40.45000076293945;40.03578186035156;20052700
2026-06-16;PETR4.SA;38.45000076293945;38.779998779296875;38.20000076293945;38.540000915527344;37.367149353027344;36250100
2026-06-16;VALE3.SA;80.73999786376953;82.19000244140625;80.5999984741211;81.44000244140625;79.21712493896484;19713900
2026-06-17;ITUB4.SA;40.95000076293945;41.630001068115234;40.630001068115234;40.79999923706055;40.382198333740234;28205700
2026-06-17;PETR4.SA;38.709999084472656;38.86000061035156;38.27000045776367;38.56999969482422;37.39623260498047;66882000
2026-06-17;VALE3.SA;80.3499984741211;81.33999633789062;79.26000213623047;79.77999877929688;77.60243225097656;20268200
2026-06-18;ITUB4.SA;40.91999816894531;41.380001068115234;40.459999084472656;40.4900016784668;40.075374603271484;20051100
2026-06-18;PETR4.SA;38.29999923706055;39.09000015258789;37.40999984741211;38.849998474121094;37.66770935058594;53332600
2026-06-18;VALE3.SA;79.5;80.37999725341797;78.87999725341797;79.94000244140625;77.75807189941406;19651900
2026-06-19;ITUB4.SA;40.36000061035156;40.369998931884766;39.7599983215332;39.869998931884766;39.817588806152344;48413400
2026-06-19;PETR4.SA;38.86000061035156;39.11000061035156;38.619998931884766;38.79999923706055;37.619232177734375;44775800
2026-06-19;VALE3.SA;79.68000030517578;81.06999969482422;79.5;80.75;78.54595947265625;26305900
2026-06-22;ITUB4.SA;40.15999984741211;41.02000045776367;40.099998474121094;40.939998626708984;40.88618469238281;25404800
2026-06-22;PETR4.SA;38.75;39.209999084472656;38.47999954223633;39.16999816894531;37.97797393798828;35488200
2026-06-22;VALE3.SA;80.55000305175781;81.58000183105469;80.11000061035156;80.91000366210938;78.70159149169922;18089300
2026-06-23;ITUB4.SA;40.52000045776367;41.380001068115234;40.38999938964844;41.04999923706055;40.996036529541016;21074900
2026-06-23;PETR4.SA;38.959999084472656;39.56999969482422;38.84000015258789;39.33000183105469;38.13310623168945;27398600
2026-06-23;VALE3.SA;79.47000122070312;79.9800033569336;78.81999969482422;79.37999725341797;77.21334838867188;18415100
2026-06-24;ITUB4.SA;40.810001373291016;41.47999954223633;40.810001373291016;40.970001220703125;40.91614532470703;22041600
2026-06-24;PETR4.SA;38.900001525878906;38.97999954223633;38.130001068115234;38.290000915527344;37.124755859375;59191400
2026-06-24;VALE3.SA;78.55999755859375;78.86000061035156;77.16000366210938;77.7300033569336;75.60839080810547;22558900
2026-06-25;ITUB4.SA;41.29999923706055;42.11000061035156;41.220001220703125;41.70000076293945;41.64518737792969;20778400
2026-06-25;PETR4.SA;38.119998931884766;38.66999816894531;37.91999816894531;38.45000076293945;37.27988815307617;25152300
2026-06-25;VALE3.SA;78.19999694824219;79.22000122070312;77.41999816894531;78.66000366210938;76.51300811767578;13882800
2026-06-26;ITUB4.SA;41.5099983215332;42.540000915527344;41.400001525878906;42.2400016784668;42.184478759765625;23047700
2026-06-26;PETR4.SA;38.06999969482422;38.25;37.93000030517578;38.060001373291016;36.901756286621094;23383000
2026-06-26;VALE3.SA;78.18000030517578;78.87999725341797;77.91000366210938;78.1500015258789;76.01692199707031;25251100
2026-06-29;ITUB4.SA;42.2400016784668;42.61000061035156;42.040000915527344;42.40999984741211;42.354251861572266;21151300
2026-06-29;PETR4.SA;38.20000076293945;38.369998931884766;37.91999816894531;38.13999938964844;36.97932052612305;14924800
2026-06-29;VALE3.SA;78.3499984741211;78.55999755859375;77.1500015258789;78.12999725341797;75.99746704101562;11791900
2026-06-30;ITUB4.SA;42.09000015258789;42.52000045776367;41.63999938964844;42.18000030517578;42.12455749511719;40172400
2026-06-30;PETR4.SA;38.16999816894531;38.18000030517578;37.7400016784668;37.79999923706055;36.64966583251953;31974300
2026-06-30;VALE3.SA;78.0999984741211;78.29000091552734;77.25;77.87999725341797;75.75428771972656;11289500
2026-07-01;ITUB4.SA;41.70000076293945;42.79999923706055;41.470001220703125;42.439998626708984;42.402488708496094;26405300
2026-07-01;PETR4.SA;37.5;37.84000015258789;37.400001525878906;37.83000183105469;36.67875671386719;21094300
2026-07-01;VALE3.SA;77.08999633789062;78.91999816894531;77.04000091552734;77.97000122070312;75.84183502197266;15414700
2026-07-02;ITUB4.SA;42.709999084472656;43.15999984741211;42.310001373291016;42.470001220703125;42.43246841430664;15005100
2026-07-02;PETR4.SA;37.88999938964844;38.459999084472656;37.650001525878906;37.959999084472656;36.8047981262207;21888800
2026-07-02;VALE3.SA;78.5999984741211;79.31999969482422;77.72000122070312;78.23999786376953;76.1044692993164;17199300
2026-07-03;ITUB4.SA;42.790000915527344;42.88999938964844;42.529998779296875;42.7400016784668;42.70222854614258;9878400
2026-07-03;PETR4.SA;38.06999969482422;38.25;37.86000061035156;38.25;37.08597183227539;10369500
2026-07-03;VALE3.SA;78.43000030517578;79.04000091552734;78.01000213623047;78.83999633789062;76.6880874633789;7793500
2026-07-06;ITUB4.SA;42.4900016784668;42.66999816894531;42.04999923706055;42.560001373291016;42.52238845825195;19170500
2026-07-06;PETR4.SA;37.95000076293945;38.02000045776367;37.61000061035156;37.77000045776367;36.62057876586914;20811400
2026-07-06;VALE3.SA;78.29000091552734;78.77999877929688;77.5;77.79000091552734;75.666748046875;12389100
2026-07-07;ITUB4.SA;42.66999816894531;43.18000030517578;42.36000061035156;42.43000030517578;42.39250183105469;21184500
2026-07-07;PETR4.SA;38.0;38.77000045776367;37.91999816894531;38.439998626708984;37.27018737792969;39823600
2026-07-07;VALE3.SA;77.5999984741211;77.5999984741211;75.79000091552734;76.19999694824219;74.12014770507812;16866100
2026-07-08;ITUB4.SA;42.33000183105469;42.33000183105469;41.560001373291016;41.88999938964844;41.85297775268555;18564500
2026-07-08;PETR4.SA;39.650001525878906;39.75;39.0;39.650001525878906;38.44336700439453;40215300
2026-07-08;VALE3.SA;75.22000122070312;75.22000122070312;72.3499984741211;72.69999694824219;70.7156753540039;29276700
2026-07-09;ITUB4.SA;41.95000076293945;42.75;41.939998626708984;42.59000015258789;42.5523567199707;18657300
2026-07-09;PETR4.SA;39.7400016784668;39.97999954223633;38.88999938964844;39.209999084472656;38.01675796508789;33386500
2026-07-09;VALE3.SA;73.41000366210938;73.48999786376953;71.93000030517578;73.1500015258789;71.15339660644531;18980500
2026-07-10;ITUB4.SA;43.38999938964844;44.34000015258789;43.22999954223633;44.29999923706055;44.26084518432617;28815100
2026-07-10;PETR4.SA;39.63999938964844;39.970001220703125;39.34000015258789;39.650001525878906;38.44336700439453;27316800
2026-07-10;VALE3.SA;74.0;74.66000366210938;73.12000274658203;74.18000030517578;72.15528106689453;22142400
2026-07-13;ITUB4.SA;44.11000061035156;44.63999938964844;43.47999954223633;43.52000045776367;43.481536865234375;17749900
2026-07-13;PETR4.SA;40.5099983215332;40.91999816894531;40.2400016784668;40.65999984741211;39.422630310058594;43045700
2026-07-13;VALE3.SA;74.18000030517578;74.18000030517578;72.44999694824219;72.8499984741211;70.86158752441406;16237900
2026-07-14;ITUB4.SA;43.810001373291016;44.0;43.2400016784668;43.630001068115234;43.5914421081543;15398000
2026-07-14;PETR4.SA;41.20000076293945;41.310001373291016;40.11000061035156;40.65999984741211;39.422630310058594;32649500
2026-07-14;VALE3.SA;73.41999816894531;74.69000244140625;73.18000030517578;74.01000213623047;71.98992919921875;14780100
2026-07-15;ITUB4.SA;43.52000045776367;43.619998931884766;43.04999923706055;43.13999938964844;43.101871490478516;18975900
2026-07-15;PETR4.SA;40.40999984741211;40.79999923706055;40.22999954223633;40.59000015258789;39.354759216308594;25608800
2026-07-15;VALE3.SA;73.98999786376953;75.0;73.80000305175781;74.51000213623047;72.47628021240234;15456000
2026-07-16;ITUB4.SA;43.22999954223633;43.22999954223633;42.34000015258789;42.54999923706055;42.512393951416016;18156600
2026-07-16;PETR4.SA;40.380001068115234;40.86000061035156;39.88999938964844;39.88999938964844;38.676063537597656;20551700
2026-07-16;VALE3.SA;73.8499984741211;74.08000183105469;72.54000091552734;72.9800033569336;70.988037109375;12989700
2026-07-17;ITUB4.SA;42.5;42.61000061035156;41.869998931884766;41.959999084472656;41.92291259765625;19576400
2026-07-17;PETR4.SA;40.40999984741211;41.11000061035156;40.40999984741211;40.900001525878906;39.65532684326172;32168300
2026-07-17;VALE3.SA;72.9800033569336;73.12000274658203;72.0999984741211;72.94000244140625;70.94913482666016;13491600
2026-07-20;ITUB4.SA;42.13999938964844;42.529998779296875;42.099998474121094;42.29999923706055;42.26261520385742;12612200
2026-07-20;PETR4.SA;41.20000076293945;41.439998626708984;40.470001220703125;41.150001525878906;39.89772033691406;26987600
2026-07-20;VALE3.SA;73.0;73.25;71.70999908447266;71.93000030517578;69.9666976928711;13137000
2026-07-21;ITUB4.SA;42.380001068115234;42.58000183105469;42.18000030517578;42.529998779296875;42.492408752441406;9834900
2026-07-21;PETR4.SA;41.209999084472656;41.70000076293945;41.130001068115234;41.65999984741211;40.39219665527344;38631400
2026-07-21;VALE3.SA;72.33999633789062;72.97000122070312;71.56999969482422;72.37000274658203;70.39469146728516;12581400
2026-07-22;ITUB4.SA;42.68000030517578;42.97999954223633;42.27000045776367;42.900001525878906;42.86208724975586;21986300
2026-07-22;PETR4.SA;42.099998474121094;42.7400016784668;41.970001220703125;42.58000183105469;41.284202575683594;38292200
2026-07-22;VALE3.SA;73.61000061035156;75.25;73.33999633789062;75.0999984741211;73.0501708984375;17992800
2026-07-23;ITUB4.SA;42.63999938964844;42.869998931884766;42.27000045776367;42.560001373291016;42.52238845825195;22570600
2026-07-23;PETR4.SA;43.400001525878906;43.4900016784668;42.86000061035156;42.95000076293945;41.642940521240234;25257900
2026-07-23;VALE3.SA;74.54000091552734;77.06999969482422;74.51000213623047;75.68000030517578;73.61434173583984;15826900
2026-07-24;ITUB4.SA;42.29999923706055;42.45000076293945;42.040000915527344;42.099998474121094;42.06278991699219;10443700
2026-07-24;PETR4.SA;42.369998931884766;42.90999984741211;42.150001525878906;42.209999084472656;40.92546081542969;29151600
2026-07-24;VALE3.SA;75.16000366210938;75.52999877929688;74.83999633789062;75.23999786376953;73.18634796142578;8637800
2026-07-27;ITUB4.SA;42.45000076293945;42.86000061035156;42.33000183105469;42.689998626708984;42.65226745605469;14920100
2026-07-27;PETR4.SA;41.20000076293945;41.47999954223633;40.81999969482422;41.0099983215332;39.76197814941406;32902600
2026-07-27;VALE3.SA;74.36000061035156;75.72000122070312;74.23999786376953;75.69000244140625;73.62406921386719;10921700
2026-07-28;ITUB4.SA;43.5;43.66999816894531;42.599998474121094;42.86000061035156;42.822120666503906;19096400
2026-07-28;PETR4.SA;41.02000045776367;41.77000045776367;40.88999938964844;41.209999084472656;39.95589065551758;29946800
2026-07-28;VALE3.SA;76.0999984741211;76.25;75.0;75.69000244140625;73.62406921386719;12270800
2026-07-29;ITUB4.SA;42.650001525878906;42.72999954223633;41.81999969482422;41.81999969482422;41.78303909301758;20532400
2026-07-29;PETR4.SA;42.15999984741211;42.400001525878906;41.75;42.0;40.72185134887695;31465400
2026-07-29;VALE3.SA;76.01000213623047;76.19999694824219;74.61000061035156;75.05000305175781;73.00154113769531;12265200
2026-07-30;ITUB4.SA;42.189998626708984;42.849998474121094;41.83000183105469;42.7400016784668;42.70222854614258;12531700
2026-07-30;PETR4.SA;42.0;42.84000015258789;41.81999969482422;42.84000015258789;41.53628921508789;25268900
2026-07-30;VALE3.SA;75.9800033569336;76.55999755859375;74.61000061035156;76.08999633789062;74.01314544677734;16732800
2026-07-31;ITUB4.SA;43.25;43.29999923706055;42.88999938964844;42.88999938964844;42.85209274291992;10285400
2026-07-31;PETR4.SA;43.0;43.54999923706055;42.86000061035156;43.41999816894531;42.098636627197266;24997300
2026-07-31;VALE3.SA;75.69999694824219;76.93000030517578;75.23999786376953;76.27999877929688;74.19796752929688;17353300
2026-08-03;ITUB4.SA;43.349998474121094;43.470001220703125;42.83000183105469;43.16999816894531;43.1501350402832;17043500
2026-08-03;PETR4.SA;42.400001525878906;43.09000015258789;42.349998474121094;43.04999923706055;41.739898681640625;24400900
2026-08-03;VALE3.SA;76.37999725341797;76.4800033569336;73.94999694824219;74.63999938964844;72.60272979736328;23582200
2026-08-04;ITUB4.SA;43.81999969482422;43.86000061035156;42.04999923706055;42.099998474121094;42.08062744140625;26508600
2026-08-04;PETR4.SA;43.09000015258789;43.09000015258789;41.77000045776367;42.5;41.206634521484375;27216700
2026-08-04;VALE3.SA;76.11000061035156;76.91000366210938;75.80000305175781;76.30999755859375;74.22714233398438;19784000
2026-08-05;ITUB4.SA;42.61000061035156;43.380001068115234;42.279998779296875;42.380001068115234;42.360504150390625;30166400
2026-08-05;PETR4.SA;42.529998779296875;42.9900016784668;41.75;41.93000030517578;40.65398025512695;32365700
2026-08-05;VALE3.SA;76.30999755859375;76.94999694824219;75.30000305175781;76.66000366210938;74.56759643554688;15107500
2026-08-06;ITUB4.SA;42.29999923706055;42.900001525878906;41.83000183105469;41.83000183105469;41.81075668334961;22055300
2026-08-06;PETR4.SA;42.02000045776367;42.470001220703125;41.91999816894531;42.130001068115234;40.847896575927734;46662600
2026-08-06;VALE3.SA;76.48999786376953;76.55000305175781;75.37999725341797;75.38999938964844;73.33226013183594;21991700
2026-08-07;ITUB4.SA;42.0099983215332;42.130001068115234;40.5;40.75;40.73125076293945;25577700
2026-08-07;PETR4.SA;42.900001525878906;42.959999084472656;40.83000183105469;40.869998931884766;39.62623977661133;97926700
2026-08-07;VALE3.SA;75.91000366210938;76.12999725341797;74.5199966430664;74.97000122070312;72.92372131347656;13038800
2026-08-10;ITUB4.SA;40.75;40.880001068115234;40.34000015258789;40.41999816894531;40.40140151977539;19652700
2026-08-10;PETR4.SA;41.31999969482422;42.470001220703125;41.060001373291016;42.22999954223633;40.94485092163086;74915200
2026-08-10;VALE3.SA;74.9000015258789;76.33000183105469;74.69999694824219;75.93000030517578;73.8575210571289;15094700
2026-08-11;ITUB4.SA;40.45000076293945;40.54999923706055;38.79999923706055;39.0;38.9820556640625;44710200
2026-08-11;PETR4.SA;42.400001525878906;42.5;41.0099983215332;41.65999984741211;40.39219665527344;53988900
2026-08-11;VALE3.SA;76.30999755859375;76.69999694824219;73.70999908447266;74.4000015258789;72.36927795410156;36211800
2026-08-12;ITUB4.SA;39.209999084472656;39.34000015258789;38.38999938964844;38.43000030517578;38.41231918334961;49492600
2026-08-12;PETR4.SA;41.5;41.970001220703125;41.150001525878906;41.45000076293945;40.18859100341797;63890300
2026-08-12;VALE3.SA;73.11000061035156;73.54000091552734;72.66000366210938;73.18000030517578;73.18000030517578;24930300
2026-08-13;ITUB4.SA;38.380001068115234;38.90999984741211;38.15999984741211;38.310001373291016;38.29237365722656;24129000
2026-08-13;PETR4.SA;41.150001525878906;41.959999084472656;41.06999969482422;41.900001525878906;40.62489700317383;37063800
2026-08-13;VALE3.SA;72.19999694824219;73.19999694824219;71.5;71.9000015258789;71.9000015258789;19535200
2026-08-14;ITUB4.SA;38.2599983215332;39.130001068115234;37.869998931884766;39.0;38.9820556640625;39681400
2026-08-14;PETR4.SA;41.630001068115234;42.459999084472656;41.630001068115234;42.09000015258789;40.809112548828125;34127900
2026-08-14;VALE3.SA;71.55000305175781;71.9800033569336;71.08999633789062;71.30000305175781;71.30000305175781;22933800
2026-08-17;ITUB4.SA;38.91999816894531;38.97999954223633;38.16999816894531;38.380001068115234;38.362342834472656;21823400
2026-08-17;PETR4.SA;42.349998474121094;42.7599983215332;41.720001220703125;42.470001220703125;41.17755126953125;47636500
2026-08-17;VALE3.SA;71.19999694824219;71.80000305175781;70.69000244140625;71.41000366210938;71.41000366210938;10007400
2026-08-18;ITUB4.SA;38.47999954223633;38.7400016784668;38.099998474121094;38.189998626708984;38.172428131103516;14745300
2026-08-18;PETR4.SA;42.79999923706055;43.20000076293945;42.41999816894531;42.599998474121094;41.303592681884766;36838100
2026-08-18;VALE3.SA;70.98999786376953;72.70999908447266;70.8499984741211;71.55000305175781;71.55000305175781;12466800
2026-08-19;ITUB4.SA;38.720001220703125;39.0;38.15999984741211;38.369998931884766;38.35234451293945;35577300
2026-08-19;PETR4.SA;42.84000015258789;43.970001220703125;42.84000015258789;43.11000061035156;41.798072814941406;49580800
2026-08-19;VALE3.SA;72.5999984741211;73.8499984741211;71.76000213623047;72.12999725341797;72.12999725341797;18624200
2026-08-20;ITUB4.SA;38.220001220703125;38.34000015258789;37.349998474121094;37.5099983215332;37.492740631103516;27458900
2026-08-20;PETR4.SA;43.75;44.630001068115234;43.470001220703125;44.31999969482422;42.971248626708984;44893400
2026-08-20;VALE3.SA;71.48999786376953;74.0999984741211;71.25;74.0199966430664;74.0199966430664;24999800
2026-08-21;ITUB4.SA;37.79999923706055;38.720001220703125;37.560001373291016;38.599998474121094;38.582237243652344;29492600
2026-08-21;PETR4.SA;44.34000015258789;44.619998931884766;44.15999984741211;44.29999923706055;42.95185852050781;52792400
2026-08-21;VALE3.SA;74.80000305175781;75.80999755859375;74.51000213623047;75.02999877929688;75.02999877929688;28372500
2026-08-24;ITUB4.SA;38.25;39.13999938964844;38.150001525878906;38.72999954223633;38.712181091308594;18970400
2026-08-24;PETR4.SA;42.599998474121094;42.63999938964844;41.619998931884766;42.11000061035156;42.11000061035156;49502500
2026-08-24;VALE3.SA;74.70999908447266;78.36000061035156;74.70999908447266;77.12999725341797;77.12999725341797;28776400
2026-08-25;ITUB4.SA;38.849998474121094;39.56999969482422;38.43000030517578;39.439998626708984;39.421852111816406;18255700
2026-08-25;PETR4.SA;41.18000030517578;41.90999984741211;41.0099983215332;41.349998474121094;41.349998474121094;85920800
2026-08-25;VALE3.SA;77.0999984741211;78.76000213623047;76.88999938964844;78.69999694824219;78.69999694824219;18033600
2026-08-26;ITUB4.SA;39.5;40.15999984741211;39.29999923706055;39.45000076293945;39.43185043334961;20036200
2026-08-26;PETR4.SA;41.13999938964844;42.27000045776367;40.970001220703125;41.45000076293945;41.45000076293945;74631000
2026-08-26;VALE3.SA;79.0;79.58000183105469;78.20999908447266;78.44999694824219;78.44999694824219;13673700
2026-08-27;ITUB4.SA;39.25;39.439998626708984;38.869998931884766;39.099998474121094;39.082008361816406;24225700
2026-08-27;PETR4.SA;41.45000076293945;42.88999938964844;41.0;42.70000076293945;42.70000076293945;43197800
2026-08-27;VALE3.SA;78.06999969482422;79.30000305175781;77.87999725341797;79.11000061035156;79.11000061035156;11544100
2026-08-28;ITUB4.SA;39.31999969482422;39.380001068115234;38.72999954223633;39.189998626708984;39.171966552734375;20889700
2026-08-28;PETR4.SA;42.720001220703125;43.599998474121094;42.619998931884766;43.54999923706055;43.54999923706055;46135600
2026-08-28;VALE3.SA;79.19000244140625;79.4800033569336;77.76000213623047;78.58000183105469;78.58000183105469;13040900
2026-08-31;ITUB4.SA;39.58000183105469;39.849998474121094;39.27000045776367;39.52000045776367;39.5018196105957;25694900
2026-08-31;PETR4.SA;44.619998931884766;45.34000015258789;44.33000183105469;45.02000045776367;45.02000045776367;68431400
2026-08-31;VALE3.SA;79.20999908447266;79.69999694824219;77.8499984741211;77.8499984741211;77.8499984741211;28004000
2026-09-01;ITUB4.SA;39.779998779296875;40.41999816894531;39.36000061035156;39.88999938964844;39.88999938964844;17346500
2026-09-01;PETR4.SA;45.5;46.939998626708984;45.5;46.779998779296875;46.779998779296875;39358000
2026-09-01;VALE3.SA;77.87000274658203;78.97000122070312;77.3499984741211;78.41999816894531;78.41999816894531;11498900
